"Time","Subsystem #1|CTLs|Vars|PrefPV","Subsystem #1|CTLs|Vars|VDCerr"
0.0,0.3173925652,-1.57679646E-5
5.0E-5,0.3173913525,-1.804771336E-5
1.0E-4,0.3173901495,-2.030784488E-5
1.5E-4,0.3173889575,-2.254612978E-5
2.0E-4,0.3173877777,-2.476036033E-5
2.5E-4,0.3173866112,-2.694835255E-5
3.0E-4,0.3173854592,-2.910794842E-5
3.5E-4,0.3173843228,-3.123701795E-5
4.0E-4,0.3173832032,-3.333346134E-5
4.5E-4,0.3173821013,-3.539521099E-5
5.0E-4,0.3173810184,-3.742023361E-5
5.5E-4,0.3173799555,-3.940653212E-5
6.0E-4,0.3173789136,-4.135214772E-5
6.5E-4,0.3173778938,-4.325516176E-5
7.0E-4,0.3173768971,-4.511369765E-5
7.5E-4,0.3173759244,-4.69259227E-5
8.0E-4,0.3173749768,-4.869004992E-5
8.5E-4,0.3173740551,-5.04043398E-5
9.0E-4,0.3173731602,-5.206710199E-5
9.5E-4,0.3173722931,-5.3676697E-5
0.001,0.3173714546,-5.523153776E-5
0.00105,0.3173706455,-5.673009126E-5
0.0011,0.3173698667,-5.817087999E-5
0.00115,0.3173691189,-5.955248343E-5
0.0012,0.3173684027,-6.087353945E-5
0.00125,0.3173677191,-6.213274562E-5
0.0013,0.3173670685,-6.332886054E-5
0.00135,0.3173664517,-6.446070501E-5
0.0014,0.3173658692,-6.552716323E-5
0.00145,0.3173653217,-6.65271839E-5
0.0015,0.3173648097,-6.745978119E-5
0.00155,0.3173643337,-6.83240358E-5
0.0016,0.3173638941,-6.911909582E-5
0.00165,0.3173634914,-6.984417756E-5
0.0017,0.3173631259,-7.049856632E-5
0.00175,0.3173627982,-7.108161714E-5
0.0018,0.3173625084,-7.159275537E-5
0.00185,0.3173622568,-7.203147727E-5
0.0019,0.3173620438,-7.239735053E-5
0.00195,0.3173618694,-7.269001464E-5
0.002,0.317361734,-7.290918128E-5
0.00205,0.3173616375,-7.305463459E-5
0.0021,0.3173615802,-7.312623141E-5
0.00215,0.3173615621,-7.312390138E-5
0.0022,0.3173615831,-7.304764704E-5
0.00225,0.3173616433,-7.289754382E-5
0.0023,0.3173617427,-7.267373996E-5
0.00235,0.317361881,-7.237645637E-5
0.0024,0.3173620582,-7.200598642E-5
0.00245,0.3173622742,-7.156269565E-5
0.0025,0.3173625286,-7.104702137E-5
0.00255,0.3173628212,-7.045947232E-5
0.0026,0.3173631518,-6.980062808E-5
0.00265,0.31736352,-6.907113854E-5
0.0027,0.3173639255,-6.827172326E-5
0.00275,0.3173643679,-6.740317079E-5
0.0028,0.3173648467,-6.646633782E-5
0.00285,0.3173653614,-6.54621484E-5
0.0029,0.3173659116,-6.439159304E-5
0.00295,0.3173664967,-6.325572768E-5
0.003,0.3173671161,-6.205567268E-5
0.00305,0.3173677693,-6.079261175E-5
0.0031,0.3173684555,-5.946779073E-5
0.00315,0.3173691741,-5.80825164E-5
0.0032,0.3173699244,-5.663815519E-5
0.00325,0.3173707057,-5.513613181E-5
0.0033,0.3173715171,-5.35779279E-5
0.00335,0.317372358,-5.196508051E-5
0.0034,0.3173732273,-5.029918065E-5
0.00345,0.3173741244,-4.858187164E-5
0.0035,0.3173750483,-4.681484759E-5
0.00355,0.3173759981,-4.499985167E-5
0.0036,0.3173769728,-4.313867437E-5
0.00365,0.3173779716,-4.123315183E-5
0.0037,0.3173789933,-3.928516395E-5
0.00375,0.3173800371,-3.729663255E-5
0.0038,0.3173811019,-3.526951952E-5
0.00385,0.3173821865,-3.320582486E-5
0.0039,0.3173832901,-3.110758469E-5
0.00395,0.3173844114,-2.897686927E-5
0.004,0.3173855494,-2.681578098E-5
0.00405,0.3173867029,-2.462645218E-5
0.0041,0.3173878708,-2.241104318E-5
0.00415,0.317389052,-2.017174006E-5
0.0042,0.3173902453,-1.791075257E-5
0.00425,0.3173914495,-1.563031187E-5
0.0043,0.3173926634,-1.333266841E-5
0.00435,0.3173938859,-1.102008966E-5
0.0044,0.3173951156,-8.69485789E-6
0.00445,0.3173963515,-6.359267934E-6
0.0045,0.3173975922,-4.015624896E-6
0.00455,0.3173988367,-1.666241892E-6
0.0046,0.3174000835,6.865622302E-7
0.00465,0.3174013316,3.040465185E-6
0.0047,0.3174025796,5.39314354E-6
0.00475,0.3174038264,7.742275008E-6
0.0048,0.3174050707,1.008554074E-5
0.00485,0.3174063113,1.242062763E-5
0.0049,0.3174075469,1.474523056E-5
0.00495,0.3174087764,1.705705471E-5
0.005,0.3174099985,1.935381783E-5
0.00505,0.317411212,2.163325247E-5
0.0051,0.3174124158,2.389310821E-5
0.00515,0.3174136086,2.613115394E-5
0.0052,0.3174147892,2.834518E-5
0.00525,0.3174159566,3.05330004E-5
0.0053,0.3174171095,3.269245498E-5
0.00535,0.3174182468,3.482141151E-5
0.0054,0.3174193673,3.691776785E-5
0.00545,0.3174204701,3.8979454E-5
0.0055,0.3174215539,4.100443413E-5
0.00555,0.3174226178,4.299070863E-5
0.0056,0.3174236606,4.493631605E-5
0.00565,0.3174246814,4.683933508E-5
0.0057,0.317425679,4.869788641E-5
0.00575,0.3174266527,5.051013462E-5
0.0058,0.3174276013,5.227428997E-5
0.00585,0.317428524,5.398861018E-5
0.0059,0.3174294198,5.565140216E-5
0.00595,0.3174302878,5.726102368E-5
0.006,0.3174311273,5.881588501E-5
0.00605,0.3174319373,6.031445045E-5
0.0061,0.3174327171,6.175523992E-5
0.00615,0.3174334659,6.313683035E-5
0.0062,0.317434183,6.445785713E-5
0.00625,0.3174348676,6.571701547E-5
0.0063,0.317435519,6.691306166E-5
0.00635,0.3174361367,6.804481431E-5
0.0064,0.3174367201,6.911115552E-5
0.00645,0.3174372685,7.011103201E-5
0.0065,0.3174377813,7.104345612E-5
0.00655,0.3174382582,7.19075068E-5
0.0066,0.3174386987,7.270233055E-5
0.00665,0.3174391022,7.342714225E-5
0.0067,0.3174394684,7.40812259E-5
0.00675,0.3174397969,7.466393538E-5
0.0068,0.3174400875,7.517469508E-5
0.00685,0.3174403398,7.561300043E-5
0.0069,0.3174405535,7.597841846E-5
0.00695,0.3174407285,7.627058816E-5
0.007,0.3174408647,7.648922091E-5
0.00705,0.3174409617,7.663410071E-5
0.0071,0.3174410197,7.670508441E-5
0.00715,0.3174410384,7.670210185E-5
0.0072,0.3174410179,7.662515596E-5
0.00725,0.3174409583,7.647432268E-5
0.0073,0.3174408595,7.624975099E-5
0.00735,0.3174407217,7.595166267E-5
0.0074,0.317440545,7.558035211E-5
0.00745,0.3174403295,7.513618604E-5
0.0075,0.3174400756,7.461960314E-5
0.00755,0.3174397834,7.403111364E-5
0.0076,0.3174394532,7.337129874E-5
0.00765,0.3174390854,7.264081013E-5
0.0077,0.3174386803,7.184036926E-5
0.00775,0.3174382383,7.097076669E-5
0.0078,0.3174377599,7.003286127E-5
0.00785,0.3174372456,6.902757929E-5
0.0079,0.3174366957,6.795591358E-5
0.00795,0.317436111,6.681892251E-5
0.008,0.3174354919,6.561772896E-5
0.00805,0.3174348391,6.435351919E-5
0.0081,0.3174341532,6.302754167E-5
0.00815,0.3174334349,6.164110585E-5
0.0082,0.3174326849,6.019558088E-5
0.00825,0.317431904,5.869239421E-5
0.0083,0.3174310929,5.713303019E-5
0.00835,0.3174302524,5.551902866E-5
0.0084,0.3174293833,5.385198334E-5
0.00845,0.3174284866,5.21335403E-5
0.0085,0.3174275631,5.036539635E-5
0.00855,0.3174266136,4.854929731E-5
0.0086,0.3174256393,4.668703634E-5
0.00865,0.3174246409,4.478045211E-5
0.0087,0.3174236195,4.283142703E-5
0.00875,0.3174225761,4.084188535E-5
0.0088,0.3174215118,3.881379129E-5
0.00885,0.3174204276,3.674914707E-5
0.0089,0.3174193245,3.464999095E-5
0.00895,0.3174182036,3.25183952E-5
0.009,0.3174170661,3.035646408E-5
0.00905,0.3174159131,2.816633171E-5
0.0091,0.3174147457,2.595016001E-5
0.00915,0.3174135651,2.371013654E-5
0.0092,0.3174123724,2.144847234E-5
0.00925,0.3174111688,1.916739976E-5
0.0093,0.3174099555,1.686917025E-5
0.00935,0.3174087337,1.455605212E-5
0.0094,0.3174075046,1.223032832E-5
0.00945,0.3174062695,9.894294167E-6
0.0095,0.3174050294,7.550255105E-6
0.00955,0.3174037858,5.200524407E-6
0.0096,0.3174025397,2.847420908E-6
0.00965,0.3174012924,4.93266703E-7
0.0097,0.3174000452,-1.859615139E-6
0.00975,0.3173987993,-4.208902864E-6
0.0098,0.3173975559,-6.55227833E-6
0.00985,0.3173963162,-8.887429287E-6
0.0099,0.3173950815,-1.121205166E-5
0.00995,0.317393853,-1.352385182E-5
0.01,0.3173926318,-1.582054886E-5
0.01005,0.3173914193,-1.809987681E-5
0.0101,0.3173902165,-2.035958691E-5
0.01015,0.3173890248,-2.25974498E-5
0.0102,0.3173878452,-2.481125774E-5
0.01025,0.3173866789,-2.699882675E-5
0.0103,0.3173855271,-2.915799881E-5
0.01035,0.3173919931,-1.694641393E-5
0.0104,0.3174330318,6.047408829E-5
0.01045,0.317546096,2.737192036E-4
0.0105,0.3177588808,6.749629633E-4
0.01055,0.3180856179,0.001290956624
0.0106,0.3185326267,0.002133513225
0.01065,0.3191014934,0.003205512029
0.0107,0.3197909639,0.004504472254
0.01075,0.3205981065,0.006024750684
0.0108,0.3215190422,0.007758919294
0.01085,0.3225493977,0.009698622081
0.0109,0.3236845863,0.01183510405
0.01095,0.3249199787,0.01415953447
0.011,0.3262510059,0.01666320109
0.01105,0.3276732197,0.01933762335
0.0111,0.3291823258,0.02217461535
0.01115,0.3307742005,0.02516631754
0.0112,0.332444898,0.02830520922
0.01125,0.3341906505,0.0315841096
0.0113,0.3360078652,0.03499617183
0.01135,0.3378931197,0.03853487319
0.0114,0.339843155,0.04219400306
0.01145,0.3418548692,0.04596764998
0.0115,0.3439253102,0.04985018824
0.01155,0.3460516691,0.05383626463
0.0116,0.3482312728,0.05792078545
0.01165,0.3504615781,0.06209890392
0.0117,0.3527401648,0.06636600814
0.01175,0.35506473,0.07071770956
0.0118,0.3574330822,0.07514983195
0.01185,0.3598431357,0.07965840097
0.0119,0.3622929057,0.08423963416
0.01195,0.3647805028,0.08888993152
0.012,0.3673041289,0.0936058665
0.01205,0.3698620723,0.09838417743
0.0121,0.3724527034,0.1032217595
0.01215,0.375074471,0.1081156568
0.0122,0.3777258983,0.1130630554
0.01225,0.3804055791,0.118061276
0.0123,0.3831121744,0.1231077676
0.01235,0.3858444093,0.1282001011
0.0124,0.3886010696,0.1333359633
0.01245,0.3913809991,0.1385131513
0.0125,0.3941830964,0.1437295669
0.01255,0.3970063127,0.1489832121
0.0126,0.3998496487,0.1542721835
0.01265,0.4027121526,0.1595946678
0.0127,0.4055929177,0.164948938
0.01275,0.40849108,0.1703333485
0.0128,0.4114058163,0.1757463313
0.01285,0.4143363423,0.1811863927
0.0129,0.4172819104,0.1866521091
0.01295,0.4202418082,0.1921421236
0.013,0.4232153566,0.1976551433
0.01305,0.4262019084,0.2031899358
0.0131,0.4292008465,0.208745326
0.01315,0.4322115825,0.2143201939
0.0132,0.4352335555,0.2199134716
0.01325,0.4382662305,0.2255241408
0.0133,0.4413090972,0.2311512302
0.01335,0.444361669,0.2367938137
0.0134,0.4474234816,0.2424510077
0.01345,0.450494092,0.2481219693
0.0135,0.4535730775,0.2538058942
0.01355,0.4566600347,0.259502015
0.0136,0.4597545784,0.2652095992
0.01365,0.4628563411,0.2709279475
0.0137,0.4659649716,0.2766563924
0.01375,0.4690801348,0.2823942964
0.0138,0.4722015104,0.2881410508
0.01385,0.4753287924,0.2938960739
0.0139,0.4784616885,0.2996588101
0.01395,0.4815999191,0.3054287284
0.014,0.4847432171,0.3112053212
0.01405,0.487891327,0.3169881031
0.0141,0.4910440044,0.3227766102
0.01415,0.4942010155,0.3285703984
0.0142,0.4973621364,0.334369043
0.01425,0.500527153,0.3401721373
0.0143,0.50369586,0.3459792922
0.01435,0.5068680609,0.3517901349
0.0144,0.5100435673,0.3576043081
0.01445,0.5132221987,0.3634214698
0.0145,0.516403782,0.3692412918
0.01455,0.5195881511,0.3750634594
0.0146,0.5227751464,0.3808876707
0.01465,0.525964615,0.3867136359
0.0147,0.5291564098,0.3925410769
0.01475,0.5323503895,0.3983697262
0.0148,0.5355464182,0.4041993271
0.01485,0.5387443653,0.4100296326
0.0149,0.5419441049,0.4158604049
0.01495,0.5451455159,0.4216914155
0.015,0.5483484817,0.4275224439
0.01505,0.5515528897,0.4333532781
0.0151,0.5547586314,0.4391837134
0.01515,0.557965602,0.4450135524
0.0152,0.5611737004,0.4508426046
0.01525,0.5643828289,0.456670686
0.0153,0.5675928929,0.4624976187
0.01535,0.5708038009,0.4683232308
0.0154,0.5740154643,0.4741473558
0.01545,0.5772277974,0.4799698325
0.0155,0.5804407168,0.4857905048
0.01555,0.5836541417,0.4916092212
0.0156,0.5868679938,0.4974258346
0.01565,0.5900821968,0.5032402023
0.0157,0.5932966766,0.5090521856
0.01575,0.5965113608,0.5148616495
0.0158,0.5997261794,0.5206684626
0.01585,0.6029410636,0.526472497
0.0159,0.6061559467,0.5322736279
0.01595,0.6093707633,0.5380717336
0.016,0.6125854496,0.5438666952
0.01605,0.6157999433,0.5496583965
0.0161,0.6190141831,0.5554467241
0.01615,0.6222281094,0.5612315666
0.0162,0.6254416634,0.5670128153
0.01625,0.6286547876,0.5727903632
0.0163,0.6318674254,0.5785641058
0.01635,0.6350795215,0.5843339402
0.0164,0.6382910211,0.5900997652
0.01645,0.6415018705,0.5958614817
0.0165,0.6447120168,0.6016189917
0.01655,0.6479214079,0.607372199
0.0166,0.6511299922,0.6131210087
0.01665,0.6543377191,0.6188653273
0.0167,0.6575445383,0.6246050623
0.01675,0.6607504003,0.6303401226
0.0168,0.6639552562,0.636070418
0.01685,0.6671590572,0.6417958595
0.0169,0.6703617555,0.6475163586
0.01695,0.6735633034,0.6532318283
0.017,0.6767636537,0.6589421819
0.01705,0.6799627596,0.6646473336
0.0171,0.6831605746,0.6703471984
0.01715,0.6863570525,0.676041692
0.0172,0.6895521475,0.6817307303
0.01725,0.692745814,0.6874142302
0.0173,0.6959380066,0.6930921089
0.01735,0.6991286803,0.698764284
0.0174,0.70231779,0.7044306737
0.01745,0.705505291,0.7100911965
0.0175,0.7086911389,0.7157457712
0.01755,0.711875289,0.7213943169
0.0176,0.7150576972,0.7270367531
0.01765,0.7182383191,0.7326729994
0.0177,0.7214171108,0.7383029759
0.01775,0.7245940282,0.7439266025
0.0178,0.7277690273,0.7495437996
0.01785,0.7309420642,0.7551544875
0.0179,0.7341130952,0.7607585867
0.01795,0.7372820763,0.766356018
0.018,0.7404489637,0.771946702
0.01805,0.7436137138,0.7775305594
0.0181,0.7467762825,0.783107511
0.01815,0.7499366262,0.7886774777
0.0182,0.7530947011,0.7942403803
0.01825,0.7562504632,0.7997961396
0.0183,0.7594038686,0.8053446762
0.01835,0.7625548734,0.810885911
0.0184,0.7657034337,0.8164197646
0.01845,0.7688495054,0.8219461577
0.0185,0.7719930442,0.8274650106
0.01855,0.7751340062,0.8329762439
0.0186,0.778272347,0.8384797779
0.01865,0.7814080222,0.8439755326
0.0187,0.7845409807,0.8494634157
0.01875,0.7876711499,0.854943294
0.0188,0.7907984355,0.8604149934
0.01885,0.7939227371,0.8658783291
0.0189,0.7970439572,0.8713331211
0.01895,0.8001620005,0.8767791937
0.019,0.8032767737,0.8822163757
0.01905,0.8063881859,0.8876444999
0.0191,0.8094961482,0.893063403
0.01915,0.8126005734,0.8984729252
0.0192,0.8157013763,0.9038729105
0.01925,0.8187984735,0.9092632064
0.0193,0.8218917832,0.9146436633
0.01935,0.8249812252,0.9200141351
0.0194,0.8280667211,0.9253744785
0.01945,0.8311481936,0.930724553
0.0195,0.834225567,0.9360642211
0.01955,0.8372987672,0.9413933478
0.0196,0.840367721,0.9467118007
0.01965,0.8434323567,0.9520194498
0.0197,0.8464926039,0.9573161674
0.01975,0.8495483932,0.9626018283
0.0198,0.8525996563,0.9678763092
0.01985,0.8556463261,0.9731394891
0.0199,0.8586883365,0.978391249
0.01995,0.8617256224,0.9836314718
0.02,0.8647581198,0.9888600423
0.02005,0.8677857654,0.9940768472
0.0201,0.8708084969,0.9992817749
0.02015,0.8738262531,1.004474716
0.0202,0.8768389734,1.009655561
0.02025,0.879846598,1.014824205
0.0203,0.8828490681,1.019980542
0.02035,0.8858463256,1.025124469
0.0204,0.8888383131,1.030255883
0.02045,0.891824974,1.035374685
0.0205,0.8948062525,1.040480775
0.02055,0.8977820933,1.045574056
0.0206,0.9007524419,1.05065443
0.02065,0.9037172446,1.055721804
0.0207,0.9066764482,1.060776083
0.02075,0.9096300001,1.065817174
0.0208,0.9125778485,1.070844987
0.02085,0.915519942,1.075859431
0.0209,0.9184562301,1.080860417
0.02095,0.9213866627,1.085847859
0.021,0.9243111902,1.090821668
0.02105,0.9272297639,1.09578176
0.0211,0.9301423353,1.100728051
0.02115,0.9330488568,1.105660457
0.0212,0.9359492812,1.110578896
0.02125,0.9388435618,1.115483287
0.0213,0.9417316525,1.120373551
0.02135,0.9446135078,1.125249608
0.0214,0.9474890827,1.130111381
0.02145,0.9503583326,1.134958793
0.0215,0.9532212137,1.139791768
0.02155,0.9560776825,1.144610232
0.0216,0.9589276961,1.14941411
0.02165,0.9617712121,1.154203331
0.0217,0.9646081888,1.158977822
0.02175,0.9674385846,1.163737512
0.0218,0.9702623588,1.168482334
0.02185,0.973079471,1.173212216
0.0219,0.9758898815,1.177927093
0.02195,0.9786935509,1.182626897
0.022,0.9814904404,1.187311563
0.02205,0.9842805117,1.191981025
0.0221,0.9870637271,1.196635221
0.02215,0.9898400492,1.201274088
0.0222,0.9926094414,1.205897563
0.02225,0.9953718672,1.210505587
0.0223,0.998127291,1.215098099
0.02235,1.000875678,1.219675041
0.0224,1.003616992,1.224236355
0.02245,1.0063512,1.228781984
0.0225,1.009078268,1.233311872
0.02255,1.011798163,1.237825965
0.0226,1.014510852,1.242324208
0.02265,1.017216303,1.24680655
0.0227,1.019914484,1.251272938
0.02275,1.022605363,1.25572332
0.0228,1.025288911,1.260157649
0.02285,1.027965098,1.264575873
0.0229,1.030633892,1.268977946
0.02295,1.033295266,1.273363821
0.023,1.03594919,1.277733452
0.02305,1.038595638,1.282086793
0.0231,1.04123458,1.286423802
0.02315,1.04386599,1.290744435
0.0232,1.046489841,1.29504865
0.02325,1.049106108,1.299336406
0.0233,1.051714764,1.303607663
0.02335,1.054315786,1.307862384
0.0234,1.056909147,1.312100528
0.02345,1.059494826,1.316322061
0.0235,1.062072797,1.320526946
0.02355,1.064643038,1.324715147
0.0236,1.067205527,1.328886632
0.02365,1.069760242,1.333041367
0.0237,1.072307162,1.337179321
0.02375,1.074846265,1.341300462
0.0238,1.077377532,1.345404761
0.02385,1.079900943,1.349492189
0.0239,1.082416478,1.353562719
0.02395,1.084924119,1.357616323
0.024,1.087423848,1.361652976
0.02405,1.089915647,1.365672652
0.0241,1.092399499,1.369675329
0.02415,1.094875388,1.373660983
0.0242,1.097343297,1.377629593
0.02425,1.099803212,1.381581138
0.0243,1.102255116,1.385515599
0.02435,1.104698996,1.389432956
0.0244,1.107134837,1.393333192
0.02445,1.109562627,1.39721629
0.0245,1.111982352,1.401082234
0.02455,1.114394,1.40493101
0.0246,1.116797559,1.408762605
0.02465,1.119193018,1.412577004
0.0247,1.121580367,1.416374198
0.02475,1.123959594,1.420154174
0.0248,1.126330691,1.423916924
0.02485,1.128693648,1.427662438
0.0249,1.131048456,1.431390709
0.02495,1.133395107,1.43510173
0.025,1.135733594,1.438795495
0.02505,1.138063909,1.442472
0.0251,1.140386046,1.44613124
0.02515,1.142699999,1.449773213
0.0252,1.145005762,1.453397917
0.02525,1.14730333,1.457005351
0.0253,1.149592699,1.460595514
0.02535,1.151873865,1.464168409
0.0254,1.154146823,1.467724036
0.02545,1.156411571,1.471262399
0.0255,1.158668106,1.474783502
0.02555,1.160916427,1.478287349
0.0256,1.163156531,1.481773946
0.02565,1.165388419,1.4852433
0.0257,1.167612088,1.488695418
0.02575,1.169827539,1.492130308
0.0258,1.172034773,1.495547981
0.02585,1.17423379,1.498948446
0.0259,1.176424592,1.502331714
0.02595,1.17860718,1.505697798
0.026,1.180781557,1.50904671
0.02605,1.182947726,1.512378465
0.0261,1.185105689,1.515693077
0.02615,1.187255452,1.518990561
0.0262,1.189397017,1.522270935
0.02625,1.19153039,1.525534215
0.0263,1.193655575,1.52878042
0.02635,1.195772578,1.532009569
0.0264,1.197881406,1.535221682
0.02645,1.199982065,1.538416779
0.0265,1.202074561,1.541594882
0.02655,1.204158901,1.544756013
0.0266,1.206235095,1.547900195
0.02665,1.20830315,1.551027453
0.0267,1.210363074,1.554137811
0.02675,1.212414876,1.557231295
0.0268,1.214458567,1.560307931
0.02685,1.216494156,1.563367746
0.0269,1.218521654,1.566410768
0.02695,1.22054107,1.569437026
0.027,1.222552417,1.572446549
0.02705,1.224555705,1.575439368
0.0271,1.226550948,1.578415513
0.02715,1.228538156,1.581375015
0.0272,1.230517344,1.584317908
0.02725,1.232488523,1.587244223
0.0273,1.234451708,1.590153996
0.02735,1.236406894,1.593047226
0.0274,1.238354032,1.59592383
0.02745,1.240293042,1.598783662
0.0275,1.242223837,1.601626568
0.02755,1.244146336,1.604452407
0.0276,1.246060466,1.607261043
0.02765,1.247966154,1.610052354
0.0277,1.249863335,1.612826222
0.02775,1.251751948,1.61558254
0.0278,1.253631935,1.618321209
0.02785,1.255503243,1.621042138
0.0279,1.257365822,1.623745242
0.02795,1.259219628,1.626430444
0.028,1.261064617,1.629097675
0.02805,1.262900753,1.63174687
0.0281,1.264727999,1.634377974
0.02815,1.266546325,1.636990935
0.0282,1.268355701,1.639585708
0.02825,1.270156102,1.642162255
0.0283,1.271947506,1.644720541
0.02835,1.273729892,1.647260539
0.0284,1.275503244,1.649782225
0.02845,1.277267547,1.652285581
0.0285,1.279022789,1.654770594
0.02855,1.28076896,1.657237255
0.0286,1.282506053,1.659685559
0.02865,1.284234064,1.662115507
0.0287,1.285952989,1.664527102
0.02875,1.287662829,1.666920351
0.0288,1.289363583,1.669295268
0.02885,1.291055256,1.671651867
0.0289,1.292737852,1.673990167
0.02895,1.29441138,1.676310191
0.029,1.296075847,1.678611965
0.02905,1.297731264,1.680895516
0.0291,1.299377643,1.683160878
0.02915,1.301014998,1.685408084
0.0292,1.302643344,1.687637174
0.02925,1.304262697,1.689848186
0.0293,1.305873076,1.692041165
0.02935,1.3074745,1.694216155
0.0294,1.30906699,1.696373206
0.02945,1.310650567,1.698512366
0.0295,1.312225255,1.700633689
0.02955,1.313791078,1.702737229
0.0296,1.315348061,1.704823043
0.02965,1.316896231,1.70689119
0.0297,1.318435615,1.708941731
0.02975,1.319966242,1.710974726
0.0298,1.321488141,1.712990242
0.02985,1.323001341,1.714988343
0.0299,1.324505875,1.716969097
0.02995,1.326001774,1.718932572
0.03,1.32748907,1.720878839
0.03005,1.328967798,1.722807969
0.0301,1.33043799,1.724720035
0.03015,1.331899682,1.72661511
0.0302,1.333352909,1.728493271
0.03025,1.334797706,1.730354592
0.0303,1.336234111,1.732199152
0.03035,1.33766216,1.734027027
0.0304,1.339081891,1.735838298
0.03045,1.340493341,1.737633044
0.0305,1.341896549,1.739411344
0.03055,1.343291553,1.741173282
0.0306,1.344678392,1.742918937
0.03065,1.346057107,1.744648393
0.0307,1.347427735,1.746361733
0.03075,1.348790319,1.748059039
0.0308,1.350144896,1.749740396
0.03085,1.351491508,1.751405888
0.0309,1.352830196,1.753055598
0.03095,1.354161,1.754689613
0.031,1.355483961,1.756308017
0.03105,1.35679912,1.757910894
0.0311,1.358106519,1.759498331
0.03115,1.359406197,1.761070412
0.0312,1.360698197,1.762627223
0.03125,1.361982559,1.76416885
0.0313,1.363259326,1.765695377
0.03135,1.364528538,1.767206891
0.0314,1.365790236,1.768703476
0.03145,1.367044461,1.770185217
0.0315,1.368291255,1.771652199
0.03155,1.369530659,1.773104507
0.0316,1.370762713,1.774542226
0.03165,1.371987458,1.77596544
0.0317,1.373204936,1.777374232
0.03175,1.374415185,1.778768686
0.0318,1.375618248,1.780148886
0.03185,1.376814163,1.781514914
0.0319,1.378002971,1.782866853
0.03195,1.379184713,1.784204786
0.032,1.380359426,1.785528793
0.03205,1.381527152,1.786838957
0.0321,1.382687928,1.788135357
0.03215,1.383841794,1.789418075
0.0322,1.38498879,1.790687191
0.03225,1.386128952,1.791942783
0.0323,1.38726232,1.793184931
0.03235,1.388388931,1.794413713
0.0324,1.389508824,1.795629207
0.03245,1.390622035,1.796831491
0.0325,1.391728602,1.798020641
0.03255,1.392828563,1.799196734
0.0326,1.393921953,1.800359845
0.03265,1.39500881,1.80151005
0.0327,1.396089169,1.802647424
0.03275,1.397163066,1.803772041
0.0328,1.398230538,1.804883974
0.03285,1.399291619,1.805983298
0.0329,1.400346345,1.807070084
0.03295,1.401394752,1.808144406
0.033,1.402436873,1.809206334
0.03305,1.403472743,1.81025594
0.0331,1.404502396,1.811293296
0.03315,1.405525868,1.812318471
0.0332,1.406543191,1.813331536
0.03325,1.407554399,1.81433256
0.0333,1.408559526,1.815321613
0.03335,1.409558606,1.816298763
0.0334,1.41055167,1.817264079
0.03345,1.411538753,1.81821763
0.0335,1.412519887,1.819159482
0.03355,1.413495106,1.820089704
0.0336,1.414464441,1.821008364
0.03365,1.415427925,1.821915528
0.0337,1.416385591,1.822811263
0.03375,1.417337471,1.823695636
0.0338,1.418283597,1.824568714
0.03385,1.419224002,1.825430564
0.0339,1.420158718,1.826281251
0.03395,1.421087777,1.827120842
0.034,1.422011212,1.827949404
0.03405,1.422929054,1.828767002
0.0341,1.423841336,1.829573704
0.03415,1.424748091,1.830369575
0.0342,1.42564935,1.831154683
0.03425,1.426545146,1.831929094
0.0343,1.427435512,1.832692874
0.03435,1.428320481,1.833446092
0.0344,1.429200085,1.834188814
0.03445,1.430074358,1.834921108
0.0345,1.430943332,1.835643042
0.03455,1.431807042,1.836354683
0.0346,1.432665521,1.837056102
0.03465,1.433518803,1.837747366
0.0347,1.434366921,1.838428546
0.03475,1.435209911,1.83909971
0.0348,1.436047807,1.839760931
0.03485,1.436880644,1.840412278
0.0349,1.437708457,1.841053824
0.03495,1.438531283,1.84168564
0.035,1.439349156,1.8423078
0.03505,1.440162115,1.842920376
0.0351,1.440970195,1.843523445
0.03515,1.441773434,1.84411708
0.0352,1.442571869,1.844701357
0.03525,1.443365539,1.845276353
0.0353,1.444154482,1.845842145
0.03535,1.444938738,1.846398813
0.0354,1.445718346,1.846946434
0.03545,1.446493345,1.84748509
0.0355,1.447263777,1.84801486
0.03555,1.448029684,1.848535829
0.0356,1.448791105,1.849048077
0.03565,1.449548085,1.849551691
0.0357,1.450300665,1.850046754
0.03575,1.45104889,1.850533353
0.0358,1.451792802,1.851011576
0.03585,1.452532448,1.851481511
0.0359,1.453267872,1.851943246
0.03595,1.45399912,1.852396874
0.036,1.454726238,1.852842486
0.03605,1.455449274,1.853280175
0.0361,1.456168276,1.853710035
0.03615,1.456883293,1.854132161
0.0362,1.457594372,1.854546651
0.03625,1.458301565,1.854953602
0.0363,1.459004921,1.855353112
0.03635,1.459704492,1.855745283
0.0364,1.46040033,1.856130216
0.03645,1.461092487,1.856508013
0.0365,1.461781017,1.856878779
0.03655,1.462465972,1.857242618
0.0366,1.463147409,1.857599637
0.03665,1.463825382,1.857949943
0.0367,1.464499946,1.858293646
0.03675,1.46517116,1.858630855
0.0368,1.465839079,1.858961681
0.03685,1.466503761,1.859286237
0.0369,1.467165266,1.859604637
0.03695,1.467823653,1.859916995
0.037,1.46847898,1.860223427
0.03705,1.469131309,1.86052405
0.0371,1.469780701,1.860818982
0.03715,1.470427217,1.861108341
0.0372,1.47107092,1.86139225
0.03725,1.471711872,1.861670827
0.0373,1.472350137,1.861944197
0.03735,1.472985778,1.862212481
0.0374,1.473618861,1.862475805
0.03745,1.47424945,1.862734292
0.0375,1.47487761,1.86298807
0.03755,1.475503408,1.863237264
0.0376,1.47612691,1.863482003
0.03765,1.476748182,1.863722415
0.0377,1.477367293,1.863958628
0.03775,1.47798431,1.864190773
0.0378,1.478599301,1.86441898
0.03785,1.479212334,1.864643381
0.0379,1.479823478,1.864864106
0.03795,1.480432802,1.865081287
0.038,1.481040375,1.865295059
0.03805,1.481646268,1.865505552
0.0381,1.48225055,1.865712901
0.03815,1.48285329,1.86591724
0.0382,1.48345456,1.866118702
0.03825,1.484054429,1.866317422
0.0383,1.484652968,1.866513534
0.03835,1.485250248,1.866707172
0.0384,1.485846339,1.86689847
0.03845,1.486441312,1.867087564
0.0385,1.487035238,1.867274588
0.03855,1.487628187,1.867459676
0.0386,1.488220229,1.867642961
0.03865,1.488811436,1.867824579
0.0387,1.489401877,1.868004662
0.03875,1.489991623,1.868183343
0.0388,1.490580744,1.868360756
0.03885,1.49116931,1.868537033
0.0389,1.491757389,1.868712304
0.03895,1.492345052,1.868886702
0.039,1.492932367,1.869060357
0.03905,1.493519403,1.869233398
0.0391,1.494106227,1.869405954
0.03915,1.494692908,1.869578154
0.0392,1.495279513,1.869750123
0.03925,1.495866109,1.869921989
0.0393,1.496452761,1.870093876
0.03935,1.497039536,1.870265909
0.0394,1.497626498,1.870438209
0.03945,1.498213712,1.870610898
0.0395,1.498801242,1.870784096
0.03955,1.499389151,1.870957922
0.0396,1.499977501,1.871132494
0.03965,1.500566354,1.871307926
0.0397,1.50115577,1.871484334
0.03975,1.501745809,1.871661829
0.0398,1.502336531,1.871840523
0.03985,1.502927994,1.872020525
0.0399,1.503520254,1.872201943
0.03995,1.504113369,1.872384881
0.04,1.504707394,1.872569443
0.04005,1.505302382,1.872755731
0.0401,1.505898388,1.872943845
0.04015,1.506495463,1.873133882
0.0402,1.507093658,1.873325938
0.04025,1.507693024,1.873520105
0.0403,1.508293609,1.873716475
0.04035,1.50889546,1.873915136
0.0404,1.509498625,1.874116176
0.04045,1.510103149,1.874319677
0.0405,1.510709075,1.874525722
0.04055,1.511316445,1.874734389
0.0406,1.511925302,1.874945756
0.04065,1.512535686,1.875159896
0.0407,1.513147634,1.875376881
0.04075,1.513761184,1.87559678
0.0408,1.514376373,1.875819659
0.04085,1.514993234,1.876045582
0.0409,1.515611801,1.876274609
0.04095,1.516232105,1.876506799
0.041,1.516854177,1.876742207
0.04105,1.517478045,1.876980885
0.0411,1.518103736,1.877222883
0.04115,1.518731276,1.877468248
0.0412,1.519360689,1.877717024
0.04125,1.519991998,1.877969252
0.0413,1.520625224,1.878224969
0.04135,1.521260387,1.878484212
0.0414,1.521897504,1.878747012
0.04145,1.522536592,1.879013398
0.0415,1.523177666,1.879283397
0.04155,1.523820739,1.879557033
0.0416,1.524465823,1.879834324
0.04165,1.525112928,1.88011529
0.0417,1.525762062,1.880399943
0.04175,1.526413233,1.880688296
0.0418,1.527066446,1.880980356
0.04185,1.527721705,1.881276129
0.0419,1.528379011,1.881575617
0.04195,1.529038366,1.881878819
0.042,1.529699769,1.882185732
0.04205,1.530363216,1.882496349
0.0421,1.531028704,1.88281066
0.04215,1.531696228,1.883128654
0.0422,1.532365779,1.883450313
0.04225,1.533037349,1.88377562
0.0423,1.533710928,1.884104554
0.04235,1.534386504,1.88443709
0.0424,1.535064063,1.884773201
0.04245,1.535743591,1.885112858
0.0425,1.536425071,1.885456026
0.04255,1.537108485,1.885802672
0.0426,1.537793814,1.886152757
0.04265,1.538481038,1.88650624
0.0427,1.539170132,1.886863077
0.04275,1.539861075,1.887223221
0.0428,1.540553842,1.887586625
0.04285,1.541248404,1.887953235
0.0429,1.541944736,1.888323
0.04295,1.542642807,1.888695861
0.043,1.543342588,1.889071759
0.04305,1.544044046,1.889450634
0.0431,1.544747148,1.889832422
0.04315,1.545451861,1.890217055
0.0432,1.546158148,1.890604467
0.04325,1.546865973,1.890994586
0.0433,1.547575297,1.891387339
0.04335,1.548286083,1.891782652
0.0434,1.54899829,1.892180447
0.04345,1.549711876,1.892580646
0.0435,1.550426799,1.892983167
0.04355,1.551143016,1.893387927
0.0436,1.551860483,1.893794841
0.04365,1.552579153,1.894203824
0.0437,1.553298981,1.894614786
0.04375,1.55401992,1.895027637
0.0438,1.554741922,1.895442286
0.04385,1.555464936,1.89585864
0.0439,1.556188915,1.896276603
0.04395,1.556913807,1.89669608
0.044,1.55763956,1.897116973
0.04405,1.558366123,1.897539183
0.0441,1.559093444,1.89796261
0.04415,1.559821468,1.898387153
0.0442,1.560550141,1.898812709
0.04425,1.56127941,1.899239174
0.0443,1.562009219,1.899666445
0.04435,1.562739511,1.900094416
0.0444,1.563470233,1.900522981
0.04445,1.564201325,1.900952032
0.0445,1.564932732,1.901381462
0.04455,1.565664397,1.901811163
0.0446,1.566396261,1.902241025
0.04465,1.567128266,1.902670939
0.0447,1.567860355,1.903100796
0.04475,1.568592468,1.903530484
0.0448,1.569324548,1.903959894
0.04485,1.570056534,1.904388913
0.0449,1.570788369,1.904817433
0.04495,1.571519994,1.90524534
0.045,1.572251348,1.905672524
0.04505,1.572982373,1.906098875
0.0451,1.573713011,1.90652428
0.04515,1.574443201,1.906948629
0.0452,1.575172885,1.907371812
0.04525,1.575902005,1.907793718
0.0453,1.576630501,1.908214236
0.04535,1.577358315,1.908633259
0.0454,1.578085389,1.909050675
0.04545,1.578811665,1.909466378
0.0455,1.579537085,1.909880259
0.04555,1.580261593,1.910292211
0.0456,1.58098513,1.910702128
0.04565,1.581707641,1.911109903
0.0457,1.58242907,1.911515433
0.04575,1.58314936,1.911918613
0.0458,1.583868457,1.91231934
0.04585,1.584586307,1.912717514
0.0459,1.585302854,1.913113032
0.04595,1.586018046,1.913505797
0.046,1.58673183,1.913895708
0.04605,1.587444153,1.91428267
0.0461,1.588154965,1.914666587
0.04615,1.588864214,1.915047364
0.0462,1.58957185,1.915424909
0.04625,1.590277824,1.915799129
0.0463,1.590982088,1.916169937
0.04635,1.591684594,1.916537242
0.0464,1.592385294,1.916900958
0.04645,1.593084143,1.917261002
0.0465,1.593781096,1.917617288
0.04655,1.594476109,1.917969736
0.0466,1.595169138,1.918318266
0.04665,1.595860142,1.9186628
0.0467,1.596549077,1.919003263
0.04675,1.597235906,1.91933958
0.0468,1.597920587,1.919671678
0.04685,1.598603083,1.919999489
0.0469,1.599283357,1.920322944
0.04695,1.599961372,1.920641976
0.047,1.600637093,1.920956522
0.04705,1.601310487,1.921266521
0.0471,1.60198152,1.921571911
0.04715,1.602650161,1.921872637
0.0472,1.603316379,1.922168642
0.04725,1.603980145,1.922459873
0.0473,1.60464143,1.922746279
0.04735,1.605300208,1.923027812
0.0474,1.605956451,1.923304425
0.04745,1.606610137,1.923576074
0.0475,1.607261241,1.923842717
0.04755,1.607909741,1.924104315
0.0476,1.608555615,1.92436083
0.04765,1.609198845,1.924612228
0.0477,1.609839411,1.924858475
0.04775,1.610477296,1.925099541
0.0478,1.611112483,1.925335399
0.04785,1.611744958,1.925566023
0.0479,1.612374707,1.925791389
0.04795,1.613001717,1.926011477
0.048,1.613625978,1.926226268
0.04805,1.614247479,1.926435745
0.0481,1.61486621,1.926639894
0.04815,1.615482166,1.926838705
0.0482,1.616095339,1.927032167
0.04825,1.616705723,1.927220273
0.0483,1.617313316,1.927403018
0.04835,1.617918114,1.9275804
0.0484,1.618520115,1.927752418
0.04845,1.619119319,1.927919074
0.0485,1.619715726,1.928080371
0.04855,1.62030934,1.928236317
0.0486,1.620900161,1.928386919
0.04865,1.621488195,1.928532187
0.0487,1.622073446,1.928672134
0.04875,1.622655922,1.928806774
0.0488,1.623235628,1.928936124
0.04885,1.623812574,1.929060203
0.0489,1.624386769,1.92917903
0.04895,1.624958224,1.929292627
0.049,1.625526949,1.929401021
0.04905,1.626092958,1.929504235
0.0491,1.626656263,1.929602298
0.04915,1.627216879,1.929695239
0.0492,1.627774821,1.92978309
0.04925,1.628330105,1.929865884
0.0493,1.628882748,1.929943655
0.04935,1.629432769,1.93001644
0.0494,1.629980185,1.930084275
0.04945,1.630525016,1.9301472
0.0495,1.631067282,1.930205256
0.04955,1.631607004,1.930258484
0.0496,1.632144205,1.930306928
0.04965,1.632678905,1.930350632
0.0497,1.633211128,1.930389641
0.04975,1.633740898,1.930424004
0.0498,1.634268238,1.930453766
0.04985,1.634793174,1.930478979
0.0499,1.635315731,1.93049969
0.04995,1.635835935,1.930515952
0.05,1.636353811,1.930527816
0.05005,1.636869387,1.930535335
0.0501,1.637382689,1.930538562
0.05015,1.637893746,1.930537551
0.0502,1.638402585,1.930532356
0.05025,1.638909233,1.930523033
0.0503,1.63941372,1.930509637
0.05035,1.639916075,1.930492225
0.0504,1.640416325,1.930470853
0.05045,1.640914501,1.930445579
0.0505,1.641410631,1.930416458
0.05055,1.641904746,1.930383549
0.0506,1.642396873,1.930346908
0.05065,1.642887043,1.930306594
0.0507,1.643375286,1.930262664
0.05075,1.64386163,1.930215176
0.0508,1.644346106,1.930164186
0.05085,1.644828742,1.930109753
0.0509,1.645309569,1.930051932
0.05095,1.645788615,1.929990782
0.051,1.64626591,1.929926358
0.05105,1.646741481,1.929858717
0.0511,1.647215359,1.929787913
0.05115,1.64768757,1.929714003
0.0512,1.648158144,1.92963704
0.05125,1.648627108,1.929557079
0.0513,1.649094489,1.929474173
0.05135,1.649560315,1.929388374
0.0514,1.650024612,1.929299734
0.05145,1.650487406,1.929208304
0.0515,1.650948724,1.929114134
0.05155,1.651408591,1.929017274
0.0516,1.651867031,1.928917772
0.05165,1.652324069,1.928815674
0.0517,1.652779728,1.928711027
0.05175,1.653234033,1.928603876
0.0518,1.653687005,1.928494266
0.05185,1.654138666,1.928382238
0.0519,1.654589039,1.928267835
0.05195,1.655038143,1.928151098
0.052,1.655486,1.928032064
0.05205,1.655932628,1.927910772
0.0521,1.656378046,1.927787259
0.05215,1.656822272,1.92766156
0.0522,1.657265324,1.927533708
0.05225,1.657707218,1.927403736
0.0523,1.65814797,1.927271675
0.05235,1.658587596,1.927137555
0.0524,1.659026109,1.927001403
0.05245,1.659463522,1.926863246
0.0525,1.65989985,1.926723109
0.05255,1.660335103,1.926581016
0.0526,1.660769294,1.926436988
0.05265,1.661202431,1.926291047
0.0527,1.661634526,1.926143211
0.05275,1.662065586,1.925993498
0.0528,1.66249562,1.925841924
0.05285,1.662924634,1.925688502
0.0529,1.663352636,1.925533247
0.05295,1.66377963,1.925376168
0.053,1.664205621,1.925217277
0.05305,1.664630613,1.925056581
0.0531,1.66505461,1.924894086
0.05315,1.665477613,1.924729799
0.0532,1.665899624,1.924563723
0.05325,1.666320644,1.92439586
0.0533,1.666740673,1.924226212
0.05335,1.667159709,1.924054777
0.0534,1.667577752,1.923881553
0.05345,1.6679948,1.923706538
0.0535,1.668410848,1.923529726
0.05355,1.668825894,1.923351111
0.0536,1.669239933,1.923170687
0.05365,1.669652961,1.922988443
0.0537,1.67006497,1.922804372
0.05375,1.670475956,1.922618461
0.0538,1.67088591,1.922430698
0.05385,1.671294827,1.92224107
0.0539,1.671702696,1.922049562
0.05395,1.67210951,1.92185616
0.054,1.67251526,1.921660846
0.05405,1.672919935,1.921463603
0.0541,1.673323526,1.921264413
0.05415,1.673726022,1.921063257
0.0542,1.674127411,1.920860114
0.05425,1.674527683,1.920654965
0.0543,1.674926824,1.920447786
0.05435,1.675324824,1.920238558
0.0544,1.675721669,1.920027256
0.05445,1.676117347,1.919813857
0.0545,1.676511844,1.919598339
0.05455,1.676905148,1.919380676
0.0546,1.677297244,1.919160844
0.05465,1.677688119,1.918938819
0.0547,1.678077759,1.918714575
0.05475,1.67846615,1.918488088
0.0548,1.678853278,1.918259331
0.05485,1.679239129,1.91802828
0.0549,1.679623688,1.917794909
0.05495,1.680006943,1.917559192
0.055,1.680388879,1.917321106
0.05505,1.680769482,1.917080623
0.0551,1.681148738,1.916837721
0.05515,1.681526633,1.916592374
0.0552,1.681903155,1.916344559
0.05525,1.682278291,1.916094252
0.0553,1.682652026,1.915841429
0.05535,1.68302435,1.915586069
0.0554,1.683395249,1.91532815
0.05545,1.683764712,1.915067651
0.0555,1.684132727,1.914804551
0.05555,1.684499284,1.914538832
0.0556,1.684864371,1.914270474
0.05565,1.685227979,1.91399946
0.0557,1.685590099,1.913725773
0.05575,1.685950722,1.913449399
0.0558,1.686309839,1.913170323
0.05585,1.686667442,1.912888532
0.0559,1.687023526,1.912604015
0.05595,1.687378083,1.91231676
0.056,1.687731108,1.91202676
0.05605,1.688082597,1.911734007
0.0561,1.688432546,1.911438494
0.05615,1.688780951,1.911140217
0.0562,1.68912781,1.910839174
0.05625,1.689473123,1.910535363
0.0563,1.689816888,1.910228786
0.05635,1.690159106,1.909919443
0.0564,1.690499779,1.909607341
0.05645,1.69083891,1.909292485
0.0565,1.691176501,1.908974882
0.05655,1.691512557,1.908654543
0.0566,1.691847084,1.90833148
0.05665,1.69218009,1.908005707
0.0567,1.69251158,1.90767724
0.05675,1.692841565,1.907346098
0.0568,1.693170055,1.9070123
0.05685,1.69349706,1.906675869
0.0569,1.693822594,1.90633683
0.05695,1.694146669,1.90599521
0.057,1.694469301,1.905651038
0.05705,1.694790506,1.905304346
0.0571,1.695110301,1.904955168
0.05715,1.695428705,1.90460354
0.0572,1.695745736,1.9042495
0.05725,1.696061418,1.903893089
0.0573,1.696375771,1.903534351
0.05735,1.696688819,1.903173332
0.0574,1.697000588,1.902810079
0.05745,1.697311103,1.902444643
0.0575,1.697620392,1.902077076
0.05755,1.697928483,1.901707435
0.0576,1.698235408,1.901335776
0.05765,1.698541196,1.90096216
0.0577,1.69884588,1.90058665
0.05775,1.699149496,1.900209309
0.0578,1.699452076,1.899830207
0.05785,1.699753659,1.899449411
0.0579,1.700054282,1.899066994
0.05795,1.700353983,1.89868303
0.058,1.700652803,1.898297596
0.05805,1.700950783,1.897910771
0.0581,1.701247966,1.897522636
0.05815,1.701544396,1.897133274
0.0582,1.701840118,1.89674277
0.05825,1.702135178,1.896351213
0.0583,1.702429623,1.895958692
0.05835,1.702723502,1.8955653
0.0584,1.703016864,1.895171129
0.05845,1.70330976,1.894776277
0.0585,1.703602242,1.894380841
0.05855,1.703894363,1.89398492
0.0586,1.704186176,1.893588618
0.05865,1.704477737,1.893192037
0.0587,1.7047691,1.892795282
0.05875,1.705060323,1.892398461
0.0588,1.705351464,1.892001682
0.05885,1.70564258,1.891605057
0.0589,1.705933731,1.891208695
0.05895,1.706224978,1.890812712
0.059,1.706516381,1.890417221
0.05905,1.706808002,1.890022339
0.0591,1.707099903,1.889628183
0.05915,1.707392147,1.889234871
0.0592,1.707684798,1.888842524
0.05925,1.70797792,1.888451262
0.0593,1.708271579,1.888061206
0.05935,1.708565839,1.88767248
0.0594,1.708860766,1.887285206
0.05945,1.709156426,1.88689951
0.0595,1.709452886,1.886515515
0.05955,1.709750214,1.886133348
0.0596,1.710048476,1.885753135
0.05965,1.71034774,1.885375001
0.0597,1.710648073,1.884999074
0.05975,1.710949544,1.884625481
0.0598,1.711252221,1.884254349
0.05985,1.711556171,1.883885806
0.0599,1.711861464,1.883519978
0.05995,1.712168166,1.883156993
0.06,1.712476348,1.882796979
0.06005,1.712786075,1.882440061
0.0601,1.713097417,1.882086367
0.06015,1.713410441,1.881736022
0.0602,1.713725214,1.881389152
0.06025,1.714041804,1.881045883
0.0603,1.714360277,1.880706337
0.06035,1.7146807,1.88037064
0.0604,1.715003139,1.880038912
0.06045,1.715327659,1.879711277
0.0605,1.715654325,1.879387854
0.06055,1.715983203,1.879068763
0.0606,1.716314355,1.878754123
0.06065,1.716647845,1.878444049
0.0607,1.716983735,1.878138658
0.06075,1.717322087,1.877838064
0.0608,1.717662961,1.877542378
0.06085,1.718006419,1.877251713
0.0609,1.718352519,1.876966177
0.06095,1.718701319,1.876685877
0.061,1.719052876,1.876410919
0.06105,1.719407247,1.876141405
0.0611,1.719764487,1.875877439
0.06115,1.720124651,1.875619118
0.0612,1.72048779,1.87536654
0.06125,1.720853957,1.8751198
0.0613,1.721223202,1.874878989
0.06135,1.721595576,1.874644199
0.0614,1.721971124,1.874415517
0.06145,1.722349895,1.874193027
0.0615,1.722731934,1.873976812
0.06155,1.723117284,1.873766952
0.0616,1.723505988,1.873563523
0.06165,1.723898087,1.8733666
0.0617,1.724293621,1.873176255
0.06175,1.724692628,1.872992555
0.0618,1.725095143,1.872815566
0.06185,1.725501202,1.87264535
0.0619,1.725910838,1.872481967
0.06195,1.726324083,1.872325472
0.062,1.726740967,1.87217592
0.06205,1.727161518,1.872033359
0.0621,1.727585762,1.871897836
0.06215,1.728013724,1.871769395
0.0622,1.728445427,1.871648076
0.06225,1.728880893,1.871533914
0.0623,1.729320142,1.871426944
0.06235,1.729763189,1.871327195
0.0624,1.730210053,1.871234694
0.06245,1.730660747,1.871149463
0.0625,1.731115282,1.871071521
0.06255,1.731573669,1.871000885
0.0626,1.732035918,1.870937567
0.06265,1.732502034,1.870881576
0.0627,1.732972021,1.870832917
0.06275,1.733445884,1.870791591
0.0628,1.733923623,1.870757598
0.06285,1.734405236,1.87073093
0.0629,1.734890722,1.87071158
0.06295,1.735380075,1.870699534
0.063,1.735873288,1.870694777
0.06305,1.736370354,1.870697289
0.0631,1.736871261,1.870707046
0.06315,1.737375997,1.870724021
0.0632,1.737884549,1.870748185
0.06325,1.7383969,1.870779502
0.0633,1.738913032,1.870817937
0.06335,1.739432925,1.870863447
0.0634,1.739956558,1.870915988
0.06345,1.740483907,1.870975513
0.0635,1.741014946,1.871041971
0.06355,1.74154965,1.871115306
0.0636,1.742087988,1.871195461
0.06365,1.742629931,1.871282374
0.0637,1.743175445,1.871375982
0.06375,1.743724497,1.871476215
0.0638,1.74427705,1.871583004
0.06385,1.744833068,1.871696274
0.0639,1.74539251,1.871815948
0.06395,1.745955337,1.871941945
0.064,1.746521505,1.872074183
0.06405,1.747090971,1.872212575
0.0641,1.747663688,1.872357031
0.06415,1.74823961,1.872507461
0.0642,1.748818688,1.872663768
0.06425,1.749400872,1.872825856
0.0643,1.74998611,1.872993623
0.06435,1.750574349,1.873166968
0.0644,1.751165535,1.873345785
0.06445,1.751759612,1.873529966
0.0645,1.752356523,1.8737194
0.06455,1.752956209,1.873913976
0.0646,1.753558611,1.874113577
0.06465,1.754163669,1.874318087
0.0647,1.75477132,1.874527387
0.06475,1.755381501,1.874741355
0.0648,1.755994148,1.874959867
0.06485,1.756609196,1.875182799
0.0649,1.757226578,1.875410024
0.06495,1.757846228,1.875641411
0.065,1.758468078,1.875876832
0.06505,1.759092057,1.876116154
0.0651,1.759718097,1.876359243
0.06515,1.760346127,1.876605963
0.0652,1.760976075,1.876856179
0.06525,1.76160787,1.877109753
0.0653,1.762241438,1.877366546
0.06535,1.762876707,1.877626418
0.0654,1.763513602,1.877889228
0.06545,1.764152048,1.878154833
0.0655,1.764791972,1.878423091
0.06555,1.765433297,1.878693859
0.0656,1.766075948,1.878966993
0.06565,1.766719848,1.879242346
0.0657,1.767364921,1.879519775
0.06575,1.768011091,1.879799133
0.0658,1.76865828,1.880080275
0.06585,1.769306411,1.880363054
0.0659,1.769955408,1.880647323
0.06595,1.770605193,1.880932937
0.066,1.771255688,1.881219748
0.06605,1.771906817,1.881507611
0.0661,1.772558501,1.881796379
0.06615,1.773210665,1.882085906
0.0662,1.773863232,1.882376048
0.06625,1.774516123,1.882666658
0.0663,1.775169264,1.882957593
0.06635,1.775822578,1.883248709
0.0664,1.776475988,1.883539862
0.06645,1.77712942,1.88383091
0.0665,1.777782799,1.884121712
0.06655,1.77843605,1.884412128
0.0666,1.779089099,1.884702017
0.06665,1.779741873,1.884991242
0.0667,1.780394298,1.885279665
0.06675,1.781046302,1.88556715
0.0668,1.781697815,1.885853564
0.06685,1.782348764,1.886138773
0.0669,1.782999081,1.886422645
0.06695,1.783648695,1.88670505
0.067,1.784297539,1.88698586
0.06705,1.784945544,1.887264949
0.0671,1.785592644,1.887542191
0.06715,1.786238774,1.887817464
0.0672,1.786883869,1.888090646
0.06725,1.787527864,1.888361619
0.0673,1.788170698,1.888630265
0.06735,1.788812309,1.888896469
0.0674,1.789452636,1.88916012
0.06745,1.79009162,1.889421105
0.0675,1.790729203,1.889679317
0.06755,1.791365328,1.889934649
0.0676,1.79199994,1.890187
0.06765,1.792632984,1.890436266
0.0677,1.793264407,1.89068235
0.06775,1.793894157,1.890925156
0.0678,1.794522184,1.89116459
0.06785,1.795148438,1.891400562
0.0679,1.795772873,1.891632982
0.06795,1.796395442,1.891861766
0.068,1.797016099,1.892086831
0.06805,1.797634803,1.892308097
0.0681,1.798251509,1.892525486
0.06815,1.79886618,1.892738925
0.0682,1.799478774,1.892948342
0.06825,1.800089256,1.893153668
0.0683,1.800697588,1.893354838
0.06835,1.801303737,1.893551789
0.0684,1.80190767,1.893744461
0.06845,1.802509356,1.893932798
0.0685,1.803108764,1.894116745
0.06855,1.803705868,1.894296252
0.0686,1.80430064,1.894471272
0.06865,1.804893055,1.894641758
0.0687,1.805483091,1.89480767
0.06875,1.806070724,1.894968969
0.0688,1.806655936,1.895125619
0.06885,1.807238708,1.895277587
0.0689,1.807819022,1.895424844
0.06895,1.808396864,1.895567362
0.069,1.808972218,1.89570512
0.06905,1.809545075,1.895838094
0.0691,1.810115421,1.895966269
0.06915,1.810683249,1.896089629
0.0692,1.811248552,1.896208162
0.06925,1.811811322,1.89632186
0.0693,1.812371555,1.896430716
0.06935,1.812929249,1.896534727
0.0694,1.813484402,1.896633894
0.06945,1.814037014,1.896728217
0.0695,1.814587087,1.896817704
0.06955,1.815134623,1.896902361
0.0696,1.815679627,1.8969822
0.06965,1.816222105,1.897057233
0.0697,1.816762064,1.897127478
0.06975,1.817299513,1.897192951
0.0698,1.817834461,1.897253676
0.06985,1.81836692,1.897309674
0.0699,1.818896902,1.897360972
0.06995,1.819424421,1.897407599
0.07,1.819949492,1.897449585
0.07005,1.820472131,1.897486963
0.0701,1.820992357,1.897519769
0.07015,1.821510187,1.89754804
0.0702,1.822025641,1.897571815
0.07025,1.82253874,1.897591136
0.0703,1.823049506,1.897606046
0.07035,1.823557962,1.897616591
0.0704,1.824064131,1.897622818
0.07045,1.824568039,1.897624775
0.0705,1.825069712,1.897622515
0.07055,1.825569175,1.897616088
0.0706,1.826066456,1.897605549
0.07065,1.826561584,1.897590954
0.0707,1.827054587,1.897572358
0.07075,1.827545496,1.897549821
0.0708,1.828034341,1.897523401
0.07085,1.828521153,1.897493159
0.0709,1.829005963,1.897459157
0.07095,1.829488804,1.897421458
0.071,1.829969708,1.897380124
0.07105,1.830448709,1.897335221
0.0711,1.830925841,1.897286814
0.07115,1.831401137,1.897234968
0.0712,1.831874632,1.897179751
0.07125,1.83234636,1.89712123
0.0713,1.832816357,1.897059472
0.07135,1.833284658,1.896994544
0.0714,1.833751298,1.896926517
0.07145,1.834216313,1.896855457
0.0715,1.834679737,1.896781434
0.07155,1.835141608,1.896704516
0.0716,1.83560196,1.896624772
0.07165,1.836060828,1.896542271
0.0717,1.83651825,1.89645708
0.07175,1.836974259,1.896369268
0.0718,1.837428892,1.896278903
0.07185,1.837882182,1.896186052
0.0719,1.838334166,1.896090782
0.07195,1.838784877,1.895993159
0.072,1.839234349,1.895893249
0.07205,1.839682617,1.895791116
0.0721,1.840129714,1.895686825
0.07215,1.840575672,1.895580439
0.0722,1.841020524,1.89547202
0.07225,1.841464303,1.895361629
0.0723,1.841907039,1.895249327
0.07235,1.842348763,1.895135172
0.0724,1.842789505,1.895019223
0.07245,1.843229295,1.894901536
0.0725,1.843668162,1.894782166
0.07255,1.844106134,1.894661166
0.0726,1.844543237,1.89453859
0.07265,1.8449795,1.894414488
0.0727,1.845414946,1.89428891
0.07275,1.845849602,1.894161903
0.0728,1.846283492,1.894033513
0.07285,1.846716637,1.893903784
0.0729,1.847149061,1.89377276
0.07295,1.847580785,1.89364048
0.073,1.84801183,1.893506985
0.07305,1.848442214,1.89337231
0.0731,1.848871955,1.893236491
0.07315,1.849301072,1.893099561
0.0732,1.84972958,1.892961551
0.07325,1.850157494,1.892822491
0.0733,1.85058483,1.892682407
0.07335,1.851011598,1.892541326
0.0734,1.851437813,1.892399269
0.07345,1.851863484,1.892256258
0.0735,1.852288621,1.892112312
0.07355,1.852713233,1.891967447
0.0736,1.853137328,1.891821677
0.07365,1.853560911,1.891675016
0.0737,1.853983988,1.891527474
0.07375,1.854406562,1.891379058
0.0738,1.854828638,1.891229774
0.07385,1.855250216,1.891079627
0.0739,1.855671297,1.890928618
0.07395,1.856091881,1.890776747
0.074,1.856511966,1.89062401
0.07405,1.85693155,1.890470403
0.0741,1.857350628,1.89031592
0.07415,1.857769196,1.890160551
0.0742,1.858187247,1.890004286
0.07425,1.858604774,1.889847111
0.0743,1.85902177,1.889689011
0.07435,1.859438225,1.88952997
0.0744,1.859854128,1.889369968
0.07445,1.860269469,1.889208985
0.0745,1.860684235,1.889046998
0.07455,1.861098412,1.888883982
0.0746,1.861511987,1.888719911
0.07465,1.861924945,1.888554758
0.0747,1.862337268,1.888388491
0.07475,1.862748941,1.888221079
0.0748,1.863159945,1.88805249
0.07485,1.863570262,1.887882689
0.0749,1.863979872,1.88771164
0.07495,1.864388755,1.887539304
0.075,1.86479689,1.887365644
0.07505,1.865204255,1.887190619
0.0751,1.865610828,1.887014186
0.07515,1.866016586,1.886836305
0.0752,1.866421505,1.88665693
0.07525,1.866825561,1.886476016
0.0753,1.867228729,1.886293518
0.07535,1.867630984,1.886109389
0.0754,1.8680323,1.885923581
0.07545,1.868432652,1.885736046
0.0755,1.868832011,1.885546734
0.07555,1.869230352,1.885355595
0.0756,1.869627648,1.88516258
0.07565,1.87002387,1.884967637
0.0757,1.870418992,1.884770715
0.07575,1.870812985,1.884571763
0.0758,1.871205822,1.884370728
0.07585,1.871597474,1.88416756
0.0759,1.871987914,1.883962206
0.07595,1.872377112,1.883754613
0.076,1.872765042,1.883544731
0.07605,1.873151674,1.883332507
0.0761,1.873536982,1.883117891
0.07615,1.873920938,1.88290083
0.0762,1.874303514,1.882681276
0.07625,1.874684682,1.882459177
0.0763,1.875064417,1.882234484
0.07635,1.875442691,1.882007149
0.0764,1.875819479,1.881777123
0.07645,1.876194755,1.88154436
0.0765,1.876568494,1.881308814
0.07655,1.87694067,1.881070439
0.0766,1.877311261,1.880829192
0.07665,1.877680242,1.88058503
0.0767,1.878047592,1.880337911
0.07675,1.878413287,1.880087795
0.0768,1.878777307,1.879834645
0.07685,1.879139631,1.879578423
0.0769,1.87950024,1.879319093
0.07695,1.879859115,1.879056621
0.077,1.880216239,1.878790977
0.07705,1.880571593,1.878522129
0.0771,1.880925164,1.87825005
0.07715,1.881276935,1.877974712
0.0772,1.881626893,1.877696093
0.07725,1.881975026,1.87741417
0.0773,1.882321322,1.877128923
0.07735,1.882665771,1.876840334
0.0774,1.883008364,1.876548389
0.07745,1.883349093,1.876253074
0.0775,1.883687952,1.875954378
0.07755,1.884024936,1.875652295
0.0776,1.88436004,1.875346819
0.07765,1.884693264,1.875037946
0.0777,1.885024605,1.874725676
0.07775,1.885354064,1.874410013
0.0778,1.885681643,1.874090961
0.07785,1.886007345,1.87376853
0.0779,1.886331176,1.873442728
0.07795,1.886653142,1.873113571
0.078,1.88697325,1.872781076
0.07805,1.887291511,1.872445261
0.0781,1.887607935,1.87210615
0.07815,1.887922535,1.871763768
0.0782,1.888235326,1.871418144
0.07825,1.888546324,1.87106931
0.0783,1.888855546,1.870717301
0.07835,1.889163011,1.870362154
0.0784,1.889468741,1.870003911
0.07845,1.889772757,1.869642615
0.0785,1.890075085,1.869278315
0.07855,1.89037575,1.86891106
0.0786,1.89067478,1.868540905
0.07865,1.890972204,1.868167905
0.0787,1.891268053,1.86779212
0.07875,1.89156236,1.867413614
0.0788,1.891855158,1.867032452
0.07885,1.892146484,1.866648704
0.0789,1.892436376,1.866262441
0.07895,1.892724872,1.86587374
0.079,1.893012014,1.865482677
0.07905,1.893297843,1.865089336
0.0791,1.893582405,1.864693799
0.07915,1.893865745,1.864296154
0.0792,1.894147909,1.863896492
0.07925,1.894428947,1.863494904
0.0793,1.894708909,1.863091488
0.07935,1.894987847,1.862686342
0.0794,1.895265814,1.862279566
0.07945,1.895542866,1.861871266
0.0795,1.895819057,1.861461549
0.07955,1.896094446,1.861050522
0.0796,1.896369091,1.860638299
0.07965,1.896643054,1.860224993
0.0797,1.896916395,1.859810722
0.07975,1.897189177,1.859395605
0.0798,1.897461465,1.858979762
0.07985,1.897733325,1.858563318
0.0799,1.898004821,1.858146399
0.07995,1.898276023,1.857729131
0.08,1.898546998,1.857311645
0.08005,1.898817817,1.856894073
0.0801,1.899088551,1.856476548
0.08015,1.89935927,1.856059205
0.0802,1.899630048,1.855642182
0.08025,1.899900958,1.855225616
0.0803,1.900172075,1.854809647
0.08035,1.900443473,1.854394418
0.0804,1.900715228,1.85398007
0.08045,1.900987417,1.853566747
0.0805,1.901260116,1.853154594
0.08055,1.901533404,1.852743757
0.0806,1.901807359,1.852334383
0.08065,1.902082058,1.851926619
0.0807,1.902357582,1.851520613
0.08075,1.902634009,1.851116514
0.0808,1.902911419,1.850714472
0.08085,1.903189893,1.850314636
0.0809,1.903469509,1.849917155
0.08095,1.903750348,1.849522181
0.081,1.904032491,1.849129863
0.08105,1.904316018,1.848740351
0.0811,1.904601008,1.848353796
0.08115,1.904887543,1.847970346
0.0812,1.905175701,1.84759015
0.08125,1.905465563,1.847213359
0.0813,1.905757208,1.846840119
0.08135,1.906050715,1.846470579
0.0814,1.906346163,1.846104884
0.08145,1.90664363,1.84574318
0.0815,1.906943194,1.845385612
0.08155,1.907244931,1.845032324
0.0816,1.907548919,1.844683457
0.08165,1.907855233,1.844339152
0.0817,1.908163948,1.843999548
0.08175,1.908475139,1.843664784
0.0818,1.908788878,1.843334995
0.08185,1.909105239,1.843010316
0.0819,1.909424292,1.842690878
0.08195,1.909746109,1.842376812
0.082,1.910070758,1.842068247
0.08205,1.910398308,1.841765308
0.0821,1.910728826,1.841468118
0.08215,1.911062378,1.8411768
0.0822,1.911399028,1.840891472
0.08225,1.91173884,1.84061225
0.0823,1.912081875,1.840339247
0.08235,1.912428193,1.840072576
0.0824,1.912777854,1.839812342
0.08245,1.913130915,1.839558652
0.0825,1.913487432,1.839311607
0.08255,1.913847458,1.839071306
0.0826,1.914211047,1.838837845
0.08265,1.914578249,1.838611317
0.0827,1.914949112,1.838391809
0.08275,1.915323686,1.838179408
0.0828,1.915702014,1.837974196
0.08285,1.91608414,1.837776251
0.0829,1.916470106,1.837585649
0.08295,1.916859952,1.837402461
0.083,1.917253716,1.837226754
0.08305,1.917651434,1.837058593
0.0831,1.918053138,1.836898036
0.08315,1.918458861,1.836745141
0.0832,1.918868633,1.83659996
0.08325,1.919282482,1.83646254
0.0833,1.919700431,1.836332925
0.08335,1.920122506,1.836211157
0.0834,1.920548727,1.83609727
0.08345,1.920979113,1.835991297
0.0835,1.921413681,1.835893265
0.08355,1.921852445,1.835803198
0.0836,1.922295418,1.835721115
0.08365,1.92274261,1.835647032
0.0837,1.923194029,1.835580958
0.08375,1.92364968,1.835522901
0.0838,1.924109567,1.835472863
0.08385,1.92457369,1.835430842
0.0839,1.925042049,1.835396831
0.08395,1.925514641,1.835370821
0.084,1.925991458,1.835352795
0.08405,1.926472494,1.835342737
0.0841,1.926957738,1.83534062
0.08415,1.927447178,1.83534642
0.0842,1.927940798,1.835360102
0.08425,1.928438582,1.835381632
0.0843,1.928940511,1.835410969
0.08435,1.929446563,1.835448069
0.0844,1.929956714,1.835492883
0.08445,1.930470938,1.835545358
0.0845,1.930989208,1.835605438
0.08455,1.931511493,1.835673062
0.0846,1.932037761,1.835748164
0.08465,1.932567977,1.835830677
0.0847,1.933102104,1.835920527
0.08475,1.933640105,1.836017638
0.0848,1.934181938,1.83612193
0.08485,1.93472756,1.836233317
0.0849,1.935276928,1.836351713
0.08495,1.935829993,1.836477026
0.085,1.936386708,1.83660916
0.08505,1.936947022,1.836748017
0.0851,1.937510883,1.836893495
0.08515,1.938078236,1.837045488
0.0852,1.938649026,1.837203887
0.08525,1.939223194,1.83736858
0.0853,1.939800682,1.837539452
0.08535,1.940381427,1.837716384
0.0854,1.940965368,1.837899256
0.08545,1.94155244,1.838087942
0.0855,1.942142577,1.838282315
0.08555,1.942735711,1.838482245
0.0856,1.943331774,1.8386876
0.08565,1.943930696,1.838898245
0.0857,1.944532404,1.83911404
0.08575,1.945136827,1.839334847
0.0858,1.945743889,1.839560523
0.08585,1.946353515,1.839790923
0.0859,1.946965628,1.8400259
0.08595,1.947580151,1.840265305
0.086,1.948197006,1.840508988
0.08605,1.948816111,1.840756795
0.0861,1.949437387,1.841008573
0.08615,1.950060752,1.841264165
0.0862,1.950686124,1.841523414
0.08625,1.951313418,1.84178616
0.0863,1.951942551,1.842052245
0.08635,1.952573439,1.842321505
0.0864,1.953205996,1.84259378
0.08645,1.953840135,1.842868904
0.0865,1.954475772,1.843146715
0.08655,1.955112818,1.843427045
0.0866,1.955751187,1.843709731
0.08665,1.956390792,1.843994605
0.0867,1.957031543,1.844281501
0.08675,1.957673353,1.844570251
0.0868,1.958316135,1.844860688
0.08685,1.958959798,1.845152645
0.0869,1.959604256,1.845445954
0.08695,1.96024942,1.845740447
0.087,1.960895201,1.846035958
0.08705,1.961541512,1.84633232
0.0871,1.962188264,1.846629366
0.08715,1.962835369,1.84692693
0.0872,1.96348274,1.847224848
0.08725,1.964130291,1.847522954
0.0873,1.964777933,1.847821085
0.08735,1.965425582,1.848119078
0.0874,1.966073151,1.848416773
0.08745,1.966720555,1.848714007
0.0875,1.96736771,1.849010623
0.08755,1.968014531,1.849306461
0.0876,1.968660937,1.849601367
0.08765,1.969306843,1.849895185
0.0877,1.96995217,1.850187762
0.08775,1.970596836,1.850478947
0.0878,1.971240763,1.85076859
0.08785,1.97188387,1.851056543
0.0879,1.97252608,1.851342662
0.08795,1.973167318,1.851626802
0.088,1.973807508,1.851908823
0.08805,1.974446575,1.852188585
0.0881,1.975084446,1.852465953
0.08815,1.97572105,1.852740791
0.0882,1.976356317,1.853012969
0.08825,1.976990177,1.853282357
0.0883,1.977622563,1.85354883
0.08835,1.978253408,1.853812263
0.0884,1.978882647,1.854072536
0.08845,1.979510218,1.854329532
0.0885,1.980136059,1.854583135
0.08855,1.980760109,1.854833234
0.0886,1.98138231,1.855079721
0.08865,1.982002605,1.855322488
0.0887,1.98262094,1.855561435
0.08875,1.983237259,1.855796463
0.0888,1.983851512,1.856027474
0.08885,1.984463648,1.856254378
0.0889,1.98507362,1.856477085
0.08895,1.98568138,1.856695509
0.089,1.986286884,1.856909569
0.08905,1.98689009,1.857119185
0.0891,1.987490955,1.857324283
0.08915,1.988089442,1.857524791
0.0892,1.988685513,1.857720642
0.08925,1.989279133,1.857911771
0.0893,1.989870268,1.858098117
0.08935,1.990458887,1.858279624
0.0894,1.99104496,1.858456239
0.08945,1.99162846,1.858627912
0.0895,1.992209361,1.858794596
0.08955,1.99278764,1.858956251
0.0896,1.993363276,1.859112838
0.08965,1.993936247,1.859264322
0.0897,1.994506537,1.859410671
0.08975,1.995074129,1.85955186
0.0898,1.995639011,1.859687864
0.08985,1.996201169,1.859818663
0.0899,1.996760594,1.859944242
0.08995,1.997317279,1.860064588
0.09,1.997871216,1.860179691
0.09005,1.998422402,1.860289547
0.0901,1.998970834,1.860394154
0.09015,1.999516512,1.860493514
0.0902,2.000059438,1.860587632
0.09025,2.000599615,1.860676517
0.0903,2.001137047,1.860760181
0.09035,2.001671742,1.860838639
0.0904,2.002203708,1.860911912
0.09045,2.002732957,1.860980021
0.0905,2.003259499,1.861042991
0.09055,2.00378335,1.861100852
0.0906,2.004304524,1.861153636
0.09065,2.004823038,1.861201377
0.0907,2.005338913,1.861244113
0.09075,2.005852167,1.861281886
0.0908,2.006362823,1.861314739
0.09085,2.006870905,1.861342719
0.0909,2.007376436,1.861365876
0.09095,2.007879445,1.86138426
0.091,2.008379957,1.861397928
0.09105,2.008878003,1.861406936
0.0911,2.009373613,1.861411345
0.09115,2.009866818,1.861411215
0.0912,2.010357652,1.861406611
0.09125,2.010846148,1.861397601
0.0913,2.011332341,1.861384251
0.09135,2.011816269,1.861366634
0.0914,2.012297967,1.861344821
0.09145,2.012777475,1.861318887
0.0915,2.013254831,1.861288907
0.09155,2.013730076,1.86125496
0.0916,2.014203251,1.861217125
0.09165,2.014674398,1.861175482
0.0917,2.015143558,1.861130114
0.09175,2.015610775,1.861081103
0.0918,2.016076093,1.861028534
0.09185,2.016539556,1.860972492
0.0919,2.017001209,1.860913064
0.09195,2.017461098,1.860850338
0.092,2.017919267,1.8607844
0.09205,2.018375764,1.860715339
0.0921,2.018830634,1.860643245
0.09215,2.019283925,1.860568207
0.0922,2.019735682,1.860490315
0.09225,2.020185953,1.860409659
0.0923,2.020634786,1.860326328
0.09235,2.021082226,1.860240413
0.0924,2.021528321,1.860152005
0.09245,2.021973119,1.860061192
0.0925,2.022416665,1.859968064
0.09255,2.022859007,1.85987271
0.0926,2.02330019,1.85977522
0.09265,2.023740261,1.85967568
0.0927,2.024179266,1.859574178
0.09275,2.024617249,1.859470801
0.0928,2.025054256,1.859365633
0.09285,2.025490331,1.85925876
0.0929,2.025925518,1.859150265
0.09295,2.02635986,1.85904023
0.093,2.026793399,1.858928736
0.09305,2.027226177,1.858815863
0.0931,2.027658236,1.858701688
0.09315,2.028089615,1.858586289
0.0932,2.028520354,1.85846974
0.09325,2.028950491,1.858352115
0.0933,2.029380065,1.858233484
0.09335,2.029809111,1.858113918
0.0934,2.030237665,1.857993484
0.09345,2.030665762,1.857872248
0.0935,2.031093435,1.857750273
0.09355,2.031520717,1.857627621
0.0936,2.031947639,1.85750435
0.09365,2.032374231,1.857380519
0.0937,2.032800521,1.857256181
0.09375,2.033226537,1.857131388
0.0938,2.033652305,1.85700619
0.09385,2.034077851,1.856880635
0.0939,2.034503198,1.856754767
0.09395,2.034928367,1.856628628
0.094,2.035353381,1.856502257
0.09405,2.035778258,1.856375692
0.0941,2.036203016,1.856248966
0.09415,2.036627671,1.85612211
0.0942,2.03705224,1.855995153
0.09425,2.037476735,1.855868122
0.0943,2.037901168,1.855741037
0.09435,2.038325551,1.855613921
0.0944,2.038749892,1.855486789
0.09445,2.039174199,1.855359656
0.0945,2.039598478,1.855232534
0.09455,2.040022733,1.855105431
0.0946,2.040446967,1.854978352
0.09465,2.040871182,1.854851301
0.0947,2.041295378,1.854724276
0.09475,2.041719553,1.854597276
0.0948,2.042143705,1.854470294
0.09485,2.042567827,1.854343322
0.0949,2.042991915,1.854216347
0.09495,2.04341596,1.854089356
0.095,2.043839953,1.853962331
0.09505,2.044263884,1.853835251
0.0951,2.044687741,1.853708095
0.09515,2.04511151,1.853580837
0.0952,2.045535176,1.853453449
0.09525,2.045958724,1.8533259
0.0953,2.046382134,1.853198156
0.09535,2.046805388,1.853070182
0.0954,2.047228466,1.852941939
0.09545,2.047651346,1.852813387
0.0955,2.048074005,1.852684482
0.09555,2.048496418,1.852555178
0.0956,2.048918561,1.852425429
0.09565,2.049340406,1.852295183
0.0957,2.049761927,1.85216439
0.09575,2.050183093,1.852032994
0.0958,2.050603875,1.851900939
0.09585,2.051024242,1.851768167
0.0959,2.051444163,1.851634619
0.09595,2.051863603,1.851500232
0.096,2.05228253,1.851364943
0.09605,2.052700908,1.851228687
0.0961,2.053118702,1.851091398
0.09615,2.053535875,1.850953007
0.0962,2.053952392,1.850813445
0.09625,2.054368213,1.850672642
0.0963,2.054783301,1.850530525
0.09635,2.055197616,1.850387023
0.0964,2.055611119,1.850242061
0.09645,2.056023771,1.850095564
0.0965,2.05643553,1.849947457
0.09655,2.056846356,1.849797665
0.0966,2.057256208,1.84964611
0.09665,2.057665045,1.849492715
0.0967,2.058072825,1.849337403
0.09675,2.058479506,1.849180096
0.0968,2.058885046,1.849020716
0.09685,2.059289404,1.848859185
0.0969,2.059692537,1.848695426
0.09695,2.060094404,1.84852936
0.097,2.060494964,1.84836091
0.09705,2.060894174,1.848189999
0.0971,2.061291994,1.84801655
0.09715,2.061688382,1.847840488
0.0972,2.062083298,1.847661736
0.09725,2.062476701,1.847480222
0.0973,2.062868552,1.84729587
0.09735,2.063258813,1.847108608
0.0974,2.063647443,1.846918366
0.09745,2.064034405,1.846725072
0.0975,2.064419661,1.846528658
0.09755,2.064803176,1.846329056
0.0976,2.065184913,1.846126202
0.09765,2.065564838,1.845920029
0.0977,2.065942916,1.845710476
0.09775,2.066319115,1.845497482
0.0978,2.066693401,1.845280989
0.09785,2.067065746,1.84506094
0.0979,2.067436118,1.84483728
0.09795,2.067804488,1.844609958
0.098,2.06817083,1.844378922
0.09805,2.068535118,1.844144126
0.0981,2.068897326,1.843905525
0.09815,2.069257431,1.843663076
0.0982,2.06961541,1.843416739
0.09825,2.069971244,1.843166477
0.0983,2.070324913,1.842912257
0.09835,2.070676399,1.842654047
0.0984,2.071025686,1.842391818
0.09845,2.071372761,1.842125546
0.0985,2.071717609,1.841855208
0.09855,2.072060221,1.841580786
0.0986,2.072400586,1.841302264
0.09865,2.072738697,1.841019629
0.0987,2.073074549,1.840732873
0.09875,2.073408136,1.84044199
0.0988,2.073739458,1.840146978
0.09885,2.074068514,1.839847839
0.0989,2.074395305,1.839544578
0.09895,2.074719835,1.839237203
0.099,2.075042109,1.838925728
0.09905,2.075362136,1.838610167
0.0991,2.075679924,1.838290541
0.09915,2.075995484,1.837966874
0.0992,2.076308831,1.837639194
0.09925,2.07661998,1.83730753
0.0993,2.076928948,1.836971918
0.09935,2.077235755,1.836632398
0.0994,2.077540422,1.836289012
0.09945,2.077842974,1.835941806
0.0995,2.078143435,1.835590831
0.09955,2.078441834,1.835236142
0.0996,2.078738201,1.834877796
0.09965,2.079032568,1.834515857
0.0997,2.079324968,1.834150388
0.09975,2.079615438,1.833781462
0.0998,2.079904016,1.83340915
0.09985,2.080190741,1.833033531
0.0999,2.080475657,1.832654685
0.09995,2.080758807,1.832272698
