"Time","Subsystem #1|CTLs|Vars|Isderr8","Subsystem #1|CTLs|Vars|udA8"
0.0,-1.843512576E-4,-1.026668385E-4
5.0E-5,-1.890786027E-4,-1.0278969E-4
1.0E-4,-1.936195471E-4,-1.029079973E-4
1.5E-4,-1.979696432E-4,-1.030216446E-4
2.0E-4,-2.021246001E-4,-1.031305197E-4
2.5E-4,-2.060802813E-4,-1.032345143E-4
3.0E-4,-2.098328142E-4,-1.033335265E-4
3.5E-4,-2.133784948E-4,-1.034274587E-4
4.0E-4,-2.167137853E-4,-1.035162171E-4
4.5E-4,-2.198354225E-4,-1.035997149E-4
5.0E-4,-2.227403227E-4,-1.036778696E-4
5.5E-4,-2.254255776E-4,-1.037506031E-4
6.0E-4,-2.278885634E-4,-1.038178441E-4
6.5E-4,-2.301268436E-4,-1.038795263E-4
7.0E-4,-2.321381658E-4,-1.039355877E-4
7.5E-4,-2.339205686E-4,-1.039859735E-4
8.0E-4,-2.354722854E-4,-1.040306338E-4
8.5E-4,-2.367917391E-4,-1.040695235E-4
9.0E-4,-2.378776494E-4,-1.041026046E-4
9.5E-4,-2.387289349E-4,-1.041298443E-4
0.001,-2.393447084E-4,-1.041512146E-4
0.00105,-2.397243822E-4,-1.041666948E-4
0.0011,-2.398675714E-4,-1.041762694E-4
0.00115,-2.397740918E-4,-1.041799279E-4
0.0012,-2.394440607E-4,-1.041776674E-4
0.00125,-2.388777867E-4,-1.041694896E-4
0.0013,-2.380757645E-4,-1.041554009E-4
0.00135,-2.370387956E-4,-1.041354156E-4
0.0014,-2.357679024E-4,-1.041095534E-4
0.00145,-2.342642876E-4,-1.040778384E-4
0.0015,-2.325294551E-4,-1.040403025E-4
0.00155,-2.305651083E-4,-1.039969825E-4
0.0016,-2.283731382E-4,-1.0394792E-4
0.00165,-2.259557273E-4,-1.038931639E-4
0.0017,-2.2331525E-4,-1.038327678E-4
0.00175,-2.204542634E-4,-1.037667903E-4
0.0018,-2.173756111E-4,-1.036952968E-4
0.00185,-2.140823208E-4,-1.036183578E-4
0.0019,-2.105775951E-4,-1.035360479E-4
0.00195,-2.068649141E-4,-1.034484489E-4
0.002,-2.029479327E-4,-1.03355647E-4
0.00205,-1.988304709E-4,-1.032577327E-4
0.0021,-1.94516615E-4,-1.031548032E-4
0.00215,-1.900106154E-4,-1.030469597E-4
0.0022,-1.853168751E-4,-1.029343078E-4
0.00225,-1.804400516E-4,-1.028169592E-4
0.0023,-1.753849528E-4,-1.026950295E-4
0.00235,-1.701565264E-4,-1.025686382E-4
0.0024,-1.647599595E-4,-1.024379104E-4
0.00245,-1.592005759E-4,-1.023029753E-4
0.0025,-1.534838231E-4,-1.021639651E-4
0.00255,-1.476153731E-4,-1.020210176E-4
0.0026,-1.416010179E-4,-1.018742739E-4
0.00265,-1.354466567E-4,-1.01723878E-4
0.0027,-1.291583961E-4,-1.01569979E-4
0.00275,-1.227424451E-4,-1.01412729E-4
0.0028,-1.162051021E-4,-1.012522823E-4
0.00285,-1.095528542E-4,-1.01088798E-4
0.0029,-1.027922724E-4,-1.009224378E-4
0.00295,-9.592999778E-5,-1.00753365E-4
0.003,-8.897284087E-5,-1.005817473E-4
0.00305,-8.192767601E-5,-1.004077544E-4
0.0031,-7.480142782E-5,-1.002315574E-4
0.00315,-6.760116961E-5,-1.000533309E-4
0.0032,-6.033401803E-5,-9.987325132E-5
0.00325,-5.300711905E-5,-9.969149561E-5
0.0033,-4.562774614E-5,-9.950824422E-5
0.00335,-3.820319476E-5,-9.932367832E-5
0.0034,-3.074076816E-5,-9.913797945E-5
0.00345,-2.324787536E-5,-9.895133199E-5
0.0035,-1.57319255E-5,-9.876392049E-5
0.00355,-8.200315585E-6,-9.857592939E-5
0.0036,-6.605387242E-7,-9.838754573E-5
0.00365,6.879942114E-6,-9.819895596E-5
0.0037,1.441374149E-5,-9.80103448E-5
0.00375,2.193339944E-5,-9.782189901E-5
0.0038,2.943145331E-5,-9.76338056E-5
0.00385,3.69004929E-5,-9.744625046E-5
0.0039,4.433316199E-5,-9.725941831E-5
0.00395,5.172207196E-5,-9.707349486E-5
0.004,5.905991367E-5,-9.688866404E-5
0.00405,6.633946578E-5,-9.670510775E-5
0.0041,7.355349708E-5,-9.65230083E-5
0.00415,8.069487165E-5,-9.634254583E-5
0.0042,8.775656296E-5,-9.61638979E-5
0.00425,9.473155586E-5,-9.598724197E-5
0.0043,1.016129514E-4,-9.581275277E-5
0.00435,1.083939808E-4,-9.564060195E-5
0.0044,1.150679071E-4,-9.547096052E-5
0.00445,1.216281299E-4,-9.530399624E-5
0.0045,1.280681989E-4,-9.513987331E-5
0.00455,1.343817154E-4,-9.497875477E-5
0.0046,1.405624365E-4,-9.482079994E-5
0.00465,1.466042882E-4,-9.466616407E-5
0.0047,1.525012668E-4,-9.451500078E-5
0.00475,1.582475429E-4,-9.436745951E-5
0.0048,1.638374732E-4,-9.422368519E-5
0.00485,1.692655027E-4,-9.408382066E-5
0.0049,1.745262669E-4,-9.394800416E-5
0.00495,1.796146043E-4,-9.381636896E-5
0.005,1.845254574E-4,-9.368904588E-5
0.00505,1.892539748E-4,-9.35661607E-5
0.0051,1.937955229E-4,-9.344783388E-5
0.00515,1.981455865E-4,-9.333418302E-5
0.0052,2.022998702E-4,-9.322532036E-5
0.00525,2.0625431E-4,-9.312135244E-5
0.0053,2.100049728E-4,-9.302238262E-5
0.00535,2.135481575E-4,-9.292850859E-5
0.0054,2.168804058E-4,-9.283982203E-5
0.00545,2.199984013E-4,-9.275641115E-5
0.0055,2.228990698E-4,-9.267835822E-5
0.00555,2.255795897E-4,-9.260573924E-5
0.0056,2.280372904E-4,-9.253862651E-5
0.00565,2.302697516E-4,-9.247708614E-5
0.0057,2.322748137E-4,-9.242117778E-5
0.00575,2.340504746E-4,-9.237095719E-5
0.0058,2.355949895E-4,-9.232647375E-5
0.00585,2.369068797E-4,-9.228777022E-5
0.0059,2.37984829E-4,-9.225488534E-5
0.00595,2.388277832E-4,-9.222785133E-5
0.006,2.394349553E-4,-9.220669374E-5
0.00605,2.398057077E-4,-9.219143442E-5
0.0061,2.399396845E-4,-9.218208819E-5
0.00615,2.398368405E-4,-9.217866208E-5
0.0062,2.394972742E-4,-9.218115956E-5
0.00625,2.389213079E-4,-9.218957848E-5
0.0063,2.381095283E-4,-9.220391009E-5
0.00635,2.370627799E-4,-9.222413915E-5
0.0064,2.357820715E-4,-9.22502463E-5
0.00645,2.342686787E-4,-9.228220548E-5
0.0065,2.325241442E-4,-9.231998394E-5
0.00655,2.305501711E-4,-9.236354484E-5
0.0066,2.283487192E-4,-9.24128449E-5
0.00665,2.2592201E-4,-9.246783425E-5
0.0067,2.232724195E-4,-9.252845908E-5
0.00675,2.204025738E-4,-9.259465928E-5
0.0068,2.17315353E-4,-9.266636833E-5
0.00685,2.140137839E-4,-9.274351595E-5
0.0069,2.105011347E-4,-9.282602574E-5
0.00695,2.067809185E-4,-9.291381512E-5
0.007,2.028567854E-4,-9.300679798E-5
0.00705,1.987326163E-4,-9.310488234E-5
0.0071,1.944125259E-4,-9.320797029E-5
0.00715,1.899007544E-4,-9.331596066E-5
0.0072,1.852017606E-4,-9.342874673E-5
0.00725,1.803202242E-4,-9.354621611E-5
0.0073,1.752609374E-4,-9.366825352E-5
0.00735,1.700288969E-4,-9.379473841E-5
0.0074,1.646293061E-4,-9.392554496E-5
0.00745,1.590674658E-4,-9.406054476E-5
0.0075,1.533488661E-4,-9.419960455E-5
0.00755,1.474791881E-4,-9.434258615E-5
0.0076,1.414641937E-4,-9.448934922E-5
0.00765,1.353098177E-4,-9.463974895E-5
0.0077,1.290221685E-4,-9.479363603E-5
0.00775,1.226074177E-4,-9.495085943E-5
0.0078,1.160718918E-4,-9.511126409E-5
0.00785,1.094220727E-4,-9.527469089E-5
0.0079,1.026644869E-4,-9.544097946E-5
0.00795,9.580579644E-5,-9.560996585E-5
0.008,8.885279957E-5,-9.578148254E-5
0.00805,8.181231932E-5,-9.595536123E-5
0.0081,7.46912945E-5,-9.613143056E-5
0.00815,6.749677986E-5,-9.630951608E-5
0.0082,6.02358344E-5,-9.648944306E-5
0.00825,5.291561225E-5,-9.667103422E-5
0.0083,4.554336262E-5,-9.685410973E-5
0.00835,3.812631785E-5,-9.703848998E-5
0.0084,3.067178421E-5,-9.722399335E-5
0.00845,2.318714168E-5,-9.741043618E-5
0.0085,1.567973182E-5,-9.759763559E-5
0.00855,8.156948577E-6,-9.778540722E-5
0.0086,6.262359828E-7,-9.797356524E-5
0.00865,-6.905043049E-6,-9.816192571E-5
0.0087,-1.442946723E-5,-9.8350303E-5
0.00875,-2.193954769E-5,-9.853850962E-5
0.0088,-2.942790985E-5,-9.872636077E-5
0.00885,-3.68872046E-5,-9.891367208E-5
0.0089,-4.431008062E-5,-9.910025895E-5
0.00895,-5.168919749E-5,-9.928593687E-5
0.009,-5.901732625E-5,-9.947052392E-5
0.00905,-6.628725175E-5,-9.965383837E-5
0.0091,-7.34917789E-5,-9.983569879E-5
0.00915,-8.062384472E-5,-1.000159269E-4
0.0092,-8.767642682E-5,-1.001943452E-4
0.00925,-9.464254354E-5,-1.003707771E-4
0.0093,-1.01515366E-4,-1.005450496E-4
0.00935,-1.082881265E-4,-1.007169912E-4
0.0094,-1.149541182E-4,-1.008864315E-4
0.00945,-1.21506807E-4,-1.010532045E-4
0.0095,-1.279397397E-4,-1.012171459E-4
0.00955,-1.34246543E-4,-1.013780933E-4
0.0096,-1.404210356E-4,-1.01535889E-4
0.00965,-1.464571354E-4,-1.016903775E-4
0.0097,-1.52348859E-4,-1.018414056E-4
0.00975,-1.580904323E-4,-1.019888254E-4
0.0098,-1.636761985E-4,-1.021324917E-4
0.00985,-1.691006159E-4,-1.022722618E-4
0.0099,-1.743583695E-4,-1.024079989E-4
0.00995,-1.794442772E-4,-1.025395691E-4
0.01,-1.843532883E-4,-1.026668419E-4
0.01005,-1.890805937E-4,-1.027896924E-4
0.0101,-1.936373133E-4,-1.029083944E-4
0.01015,-0.001690643371,-1.403570999E-4
0.0102,-0.004810151739,-2.184260702E-4
0.01025,-0.007998178583,-2.982868466E-4
0.0103,-0.009656627285,-3.399687499E-4
0.01035,-0.009589165089,-3.385227674E-4
0.0104,-0.00931360564,-3.318700657E-4
0.01045,-0.008943501846,-3.228456845E-4
0.0105,-0.008540294336,-3.129840441E-4
0.01055,-0.008150745829,-3.034539693E-4
0.0106,-0.007767711939,-2.940771026E-4
0.01065,-0.007411976832,-2.853734709E-4
0.0107,-0.007067414189,-2.769403971E-4
0.01075,-0.006747874678,-2.691246003E-4
0.0108,-0.006439191498,-2.61572359E-4
0.01085,-0.006152044072,-2.545510637E-4
0.0109,-0.005874643652,-2.477663867E-4
0.01095,-0.005615447843,-2.414301175E-4
0.011,-0.005364750281,-2.352999308E-4
0.01105,-0.005129384034,-2.295469513E-4
0.0111,-0.004901378657,-2.239722013E-4
0.01115,-0.004686315708,-2.187154737E-4
0.0112,-0.004477646475,-2.136132923E-4
0.01125,-0.004279960963,-2.087806245E-4
0.0113,-0.004087866885,-2.040828703E-4
0.01135,-0.003905154065,-1.996149625E-4
0.0114,-0.00372737014,-1.952657709E-4
0.01145,-0.003557652625,-1.911138957E-4
0.0115,-0.003392314912,-1.870673274E-4
0.01155,-0.003233958979,-1.831912575E-4
0.0116,-0.003079524376,-1.794093109E-4
0.01165,-0.002931171706,-1.757756278E-4
0.0117,-0.002786354323,-1.722266622E-4
0.01175,-0.002646867873,-1.688074162E-4
0.0118,-0.002510589053,-1.654649139E-4
0.01185,-0.002379010925,-1.622365806E-4
0.0119,-0.002250360086,-1.590781767E-4
0.01195,-0.002125878418,-1.56020838E-4
0.012,-0.002004082504,-1.530275646E-4
0.01205,-0.001886005319,-1.50124261E-4
0.0121,-0.001770404581,-1.472799476E-4
0.01215,-0.001658139215,-1.445161703E-4
0.0122,-0.001548167851,-1.418069649E-4
0.01225,-0.001441204427,-1.391702465E-4
0.0123,-0.001336375222,-1.36584236E-4
0.01235,-0.001234273236,-1.340638195E-4
0.0124,-0.001134165062,-1.315907205E-4
0.01245,-0.001036542676,-1.291772947E-4
0.0125,-9.407902089E-4,-1.268081997E-4
0.01255,-8.473153976E-4,-1.244936807E-4
0.0126,-7.556008698E-4,-1.222208539E-4
0.01265,-6.659840333E-4,-1.199982027E-4
0.0127,-5.780303194E-4,-1.1781491E-4
0.01275,-4.920183371E-4,-1.156779861E-4
0.0128,-4.075831142E-4,-1.135783505E-4
0.01285,-3.249542871E-4,-1.115217865E-4
0.0129,-2.438253302E-4,-1.095006723E-4
0.01295,-1.643850363E-4,-1.075197675E-4
0.013,-8.637616215E-5,-1.055726802E-4
0.01305,-9.953369026E-6,-1.036633144E-4
0.0131,6.509909288E-5,-1.017863135E-4
0.01315,1.386548882E-4,-9.994487169E-5
0.0132,2.108949161E-4,-9.81345016E-5
0.01325,2.81716398E-4,-9.635780688E-5
0.0133,3.512707884E-4,-9.461103476E-5
0.01335,4.194749659E-4,-9.289629597E-5
0.0134,4.864555892E-4,-9.121045623E-5
0.01345,5.52145745E-4,-8.955521979E-5
0.0135,6.166513097E-4,-8.792797069E-5
0.01355,6.799187856E-4,-8.633007664E-5
0.0136,7.42036469E-4,-8.475936009E-5
0.01365,8.029620354E-4,-8.321690843E-5
0.0137,8.627689838E-4,-8.170091306E-5
0.01375,9.214241041E-4,-8.021223262E-5
0.0138,9.789886196E-4,-7.874936455E-5
0.01385,0.001035436846,-7.731297855E-5
0.0139,0.001090819512,-7.590183366E-5
0.01395,0.001145117124,-7.451644415E-5
0.014,0.001198371755,-7.315578474E-5
0.01405,0.001250568917,-7.18202439E-5
0.0141,0.001301743373,-7.050897858E-5
0.01415,0.001351884823,-6.922227197E-5
0.0142,0.001401021925,-6.795943307E-5
0.01425,0.00144914769,-6.672066179E-5
0.0143,0.001496285795,-6.550539124E-5
0.01435,0.001542431931,-6.431375385E-5
0.0144,0.001587605555,-6.314528776E-5
0.01445,0.001631804616,-6.200006859E-5
0.0145,0.001675045092,-6.087772107E-5
0.01455,0.001717326659,-5.977827722E-5
0.0146,0.001758662534,-5.870143046E-5
0.01465,0.001799053784,-5.764717776E-5
0.0147,0.001838511285,-5.661527066E-5
0.01475,0.00187703731,-5.560567566E-5
0.0148,0.00191464085,-5.461819117E-5
0.01485,0.001951325055,-5.365276145E-5
0.0149,0.001987097504,-5.270921992E-5
0.01495,0.002021962054,-5.178749293E-5
0.015,0.002055925085,-5.088744354E-5
0.01505,0.002088991116,-5.00089813E-5
0.0151,0.002121165608,-4.915199203E-5
0.01515,0.002152453529,-4.831637377E-5
0.0152,0.002182859741,-4.750202702E-5
0.01525,0.002212389586,-4.670884027E-5
0.0153,0.002241047419,-4.593672647E-5
0.01535,0.002268838986,-4.518556372E-5
0.0154,0.002295768302,-4.44552732E-5
0.01545,0.00232184137,-4.374572638E-5
0.0155,0.002347062099,-4.305684685E-5
0.01555,0.002371436719,-4.23885001E-5
0.0156,0.002394969045,-4.174061187E-5
0.01565,0.00241766561,-4.11130398E-5
0.0157,0.002439530235,-4.050570924E-5
0.01575,0.002460569638,-3.991847289E-5
0.0158,0.002480787822,-3.935125132E-5
0.01585,0.002500191692,-3.880389233E-5
0.0159,0.002518785392,-3.827631261E-5
0.01595,0.002536576106,-3.776835273E-5
0.016,0.002553568181,-3.727992404E-5
0.01605,0.002569768979,-3.681086238E-5
0.0161,0.002585183187,-3.636107026E-5
0.01615,0.002599818353,-3.593037859E-5
0.0162,0.002613679438,-3.551868274E-5
0.01625,0.002626774273,-3.512580619E-5
0.0163,0.002639108105,-3.475163685E-5
0.01635,0.002650688955,-3.439599314E-5
0.0164,0.00266152255,-3.405875061E-5
0.01645,0.002671617123,-3.373972203E-5
0.0165,0.002680978672,-3.343877586E-5
0.01655,0.002689615682,-3.315571818E-5
0.0166,0.002697534583,-3.289040627E-5
0.01665,0.002704744053,-3.264264102E-5
0.0167,0.002711250873,-3.241227059E-5
0.01675,0.00271706403,-3.219908773E-5
0.0168,0.002722190654,-3.200293145E-5
0.01685,0.002726639933,-3.182358908E-5
0.0169,0.002730419443,-3.16608881E-5
0.01695,0.002733538575,-3.15146103E-5
0.017,0.00273600524,-3.138457439E-5
0.01705,0.002737829129,-3.127055423E-5
0.0171,0.002739018481,-3.117235984E-5
0.01715,0.002739583179,-3.108975987E-5
0.0172,0.002739531876,-3.10225535E-5
0.01725,0.002738874646,-3.097050418E-5
0.0173,0.002737620438,-3.093340319E-5
0.01735,0.002735779604,-3.091100653E-5
0.0174,0.002733361381,-3.090309784E-5
0.01745,0.002730376285,-3.090942853E-5
0.0175,0.002726833917,-3.092977261E-5
0.01755,0.002722744951,-3.096387701E-5
0.0176,0.002718119231,-3.101150923E-5
0.01765,0.002712967671,-3.107240963E-5
0.0177,0.00270730034,-3.114633956E-5
0.01775,0.002701128277,-3.123303579E-5
0.0178,0.002694461848,-3.133225164E-5
0.01785,0.002687312204,-3.144372057E-5
0.0179,0.002679689883,-3.156719106E-5
0.01795,0.002671606226,-3.170239128E-5
0.018,0.002663071924,-3.184906535E-5
0.01805,0.002654098385,-3.200693922E-5
0.0181,0.002644696521,-3.217575088E-5
0.01815,0.002634877793,-3.235522442E-5
0.0182,0.002624653206,-3.254509495E-5
0.01825,0.002614034347,-3.274508284E-5
0.0183,0.002603032292,-3.295492087E-5
0.01835,0.002591658629,-3.317432881E-5
0.0184,0.002579924574,-3.34030354E-5
0.01845,0.002567841696,-3.364076029E-5
0.0185,0.002555421218,-3.388723145E-5
0.01855,0.002542674765,-3.414216658E-5
0.0186,0.002529613545,-3.440529349E-5
0.01865,0.002516249108,-3.467633113E-5
0.0187,0.002502592715,-3.495500545E-5
0.01875,0.002488655822,-3.524103716E-5
0.0188,0.00247444961,-3.553415365E-5
0.01885,0.002459985513,-3.583407565E-5
0.0189,0.002445274583,-3.614053314E-5
0.01895,0.00243032811,-3.645324994E-5
0.019,0.002415157176,-3.677195474E-5
0.01905,0.002399772902,-3.709637496E-5
0.0191,0.002384186138,-3.742624458E-5
0.01915,0.002368407865,-3.776129398E-5
0.0192,0.002352448828,-3.81012592E-5
0.01925,0.002336319772,-3.8445876E-5
0.0193,0.002320031223,-3.879488535E-5
0.01935,0.002303593779,-3.914802614E-5
0.0194,0.002287017722,-3.950504493E-5
0.01945,0.002270313369,-3.986568711E-5
0.0195,0.002253490829,-4.022970309E-5
0.01955,0.002236560119,-4.059684521E-5
0.0196,0.002219531043,-4.096687097E-5
0.01965,0.002202413395,-4.133953787E-5
0.0197,0.002185216656,-4.171461097E-5
0.01975,0.002167950268,-4.20918561E-5
0.0198,0.002150623462,-4.247104407E-5
0.01985,0.002133245314,-4.285194943E-5
0.0199,0.002115824678,-4.323435195E-5
0.01995,0.002098370339,-4.361803299E-5
0.02,0.002080890762,-4.400278166E-5
0.02005,0.002063394315,-4.438838928E-5
0.0201,0.00204588915,-4.477465237E-5
0.02015,0.002028383207,-4.516137254E-5
0.0202,0.002010884203,-4.554835681E-5
0.02025,0.00199339973,-4.593541509E-5
0.0203,0.001975937057,-4.632236522E-5
0.02035,0.001958503309,-4.670902843E-5
0.0204,0.001941105389,-4.709523132E-5
0.02045,0.001923749946,-4.74808067E-5
0.0205,0.0019064434,-4.786559295E-5
0.02055,0.001889192008,-4.824943231E-5
0.0206,0.001872001699,-4.863217513E-5
0.02065,0.001854878223,-4.901367603E-5
0.0207,0.001837827105,-4.939379517E-5
0.02075,0.001820853585,-4.977239966E-5
0.0208,0.00180396267,-5.014936234E-5
0.02085,0.001787159181,-5.052456056E-5
0.0209,0.001770447602,-5.089787994E-5
0.02095,0.001753832225,-5.126921088E-5
0.021,0.001737317108,-5.163844943E-5
0.02105,0.001720906011,-5.200549908E-5
0.0211,0.001704602457,-5.237026908E-5
0.02115,0.001688409766,-5.273267373E-5
0.0212,0.001672330922,-5.309263555E-5
0.02125,0.001656368717,-5.345008194E-5
0.0213,0.001640525724,-5.38049456E-5
0.02135,0.001624804202,-5.415716704E-5
0.0214,0.001609206161,-5.450669293E-5
0.02145,0.001593733423,-5.485347464E-5
0.0215,0.00157838748,-5.519747171E-5
0.02155,0.001563169615,-5.553864887E-5
0.0216,0.001548080897,-5.58769762E-5
0.02165,0.001533122091,-5.621243133E-5
0.0217,0.001518293746,-5.654499727E-5
0.02175,0.001503596213,-5.687466196E-5
0.0218,0.001489029536,-5.720142108E-5
0.02185,0.001474593557,-5.752527527E-5
0.0219,0.001460287921,-5.784623015E-5
0.02195,0.001446111981,-5.816429867E-5
0.022,0.00143206489,-5.847949872E-5
0.02205,0.001418145623,-5.879185277E-5
0.0221,0.001404352864,-5.910139053E-5
0.02215,0.001390685116,-5.940814626E-5
0.0222,0.001377140708,-5.971215863E-5
0.02225,0.001363717699,-6.001347315E-5
0.0223,0.001350413972,-6.031213968E-5
0.02235,0.001337227255,-6.060821208E-5
0.0224,0.001324155015,-6.090175081E-5
0.02245,0.001311194564,-6.119282022E-5
0.0225,0.001298343068,-6.14814884E-5
0.02255,0.001285597452,-6.176782956E-5
0.0226,0.001272954497,-6.205192153E-5
0.02265,0.001260410861,-6.233384536E-5
0.0227,0.001247962973,-6.261368791E-5
0.02275,0.001235607139,-6.289153913E-5
0.0228,0.001223339556,-6.316749188E-5
0.02285,0.001211156214,-6.344164424E-5
0.0229,0.001199052997,-6.371409706E-5
0.02295,0.0011870257,-6.39849535E-5
0.023,0.001175069929,-6.425432159E-5
0.02305,0.001163181206,-6.452231152E-5
0.0231,0.001151354983,-6.47890354E-5
0.02315,0.001139586543,-6.505460964E-5
0.0232,0.001127871106,-6.531915235E-5
0.02325,0.001116203843,-6.558278298E-5
0.0233,0.001104579779,-6.58456248E-5
0.02335,0.001092993894,-6.610780224E-5
0.0234,0.001081441145,-6.636944055E-5
0.02345,0.001069916359,-6.663066823E-5
0.0235,0.001058414346,-6.689161441E-5
0.02355,0.001046929909,-6.715240854E-5
0.0236,0.001035457734,-6.741318308E-5
0.02365,0.001023992518,-6.767407036E-5
0.0237,0.001012529015,-6.793520141E-5
0.02375,0.001001061887,-6.819670973E-5
0.0238,9.895857733E-4,-6.845872949E-5
0.02385,9.780953464E-4,-6.872139415E-5
0.0239,9.66585313E-4,-6.898483648E-5
0.02395,9.550503291E-4,-6.924919064E-5
0.024,9.43485111E-4,-6.95145894E-5
0.02405,9.318844431E-4,-6.978116398E-5
0.0241,9.202430815E-4,-7.004904643E-5
0.02415,9.085558589E-4,-7.031836702E-5
0.0242,8.968176977E-4,-7.058925388E-5
0.02425,8.850235137E-4,-7.086183547E-5
0.0243,8.731683202E-4,-7.113623791E-5
0.02435,8.612472412E-4,-7.14125847E-5
0.0244,8.492554147E-4,-7.169099908E-5
0.02445,8.371880967E-4,-7.197160149E-5
0.0245,8.250406743E-4,-7.22545092E-5
0.02455,8.128085683E-4,-7.253983874E-5
0.0246,8.00487337E-4,-7.282770333E-5
0.02465,7.880726888E-4,-7.311821254E-5
0.0247,7.755603846E-4,-7.341147473E-5
0.02475,7.629463415E-4,-7.370759448E-5
0.0248,7.502266442E-4,-7.400667225E-5
0.02485,7.373974478E-4,-7.430880687E-5
0.0249,7.244550803E-4,-7.46140929E-5
0.02495,7.11396054E-4,-7.492262043E-5
0.025,6.982169679E-4,-7.523447742E-5
0.02505,6.849146089E-4,-7.554974726E-5
0.0251,6.71485964E-4,-7.586850838E-5
0.02515,6.579281208E-4,-7.619083679E-5
0.0252,6.442383692E-4,-7.65168035E-5
0.02525,6.304142123E-4,-7.684647427E-5
0.0253,6.164532666E-4,-7.717991208E-5
0.02535,6.023533633E-4,-7.751717458E-5
0.0254,5.881125583E-4,-7.785831389E-5
0.02545,5.737290321E-4,-7.820337903E-5
0.0255,5.592011899E-4,-7.855241346E-5
0.02555,5.445276717E-4,-7.890545481E-5
0.0256,5.297072508E-4,-7.92625374E-5
0.02565,5.147389342E-4,-7.962368974E-5
0.0257,4.996219707E-4,-7.998893433E-5
0.02575,4.843557502E-4,-8.035829012E-5
0.0258,4.689399022E-4,-8.073177013E-5
0.02585,4.533743041E-4,-8.110938116E-5
0.0259,4.376589793E-4,-8.149112637E-5
0.02595,4.21794195E-4,-8.187700282E-5
0.026,4.057804684E-4,-8.226700131E-5
0.02605,3.896184485E-4,-8.266110933E-5
0.0261,3.733090484E-4,-8.305930774E-5
0.02615,3.56853474E-4,-8.346157007E-5
0.0262,3.402530577E-4,-8.386786666E-5
0.02625,3.235093381E-4,-8.427816262E-5
0.0263,3.066241006E-4,-8.46924169E-5
0.02635,2.895993706E-4,-8.511058236E-5
0.0264,2.7243732E-4,-8.553260817E-5
0.02645,2.551403705E-4,-8.59584372E-5
0.0265,2.377111919E-4,-8.638800602E-5
0.02655,2.201525976E-4,-8.682124759E-5
0.0266,2.024676398E-4,-8.725808879E-5
0.02665,1.846596136E-4,-8.769845036E-5
0.0267,1.667319518E-4,-8.814224952E-5
0.02675,1.486883189E-4,-8.858939759E-5
0.0268,1.305326149E-4,-8.903979994E-5
0.02685,1.122688691E-4,-8.949335857E-5
0.0269,9.390133419E-5,-8.994996982E-5
0.02695,7.543448875E-5,-9.040952427E-5
0.027,5.687293085E-5,-9.087190938E-5
0.02705,3.822147102E-5,-9.13370072E-5
0.0271,1.94851349E-5,-9.180469428E-5
0.02715,6.69055587E-7,-9.227484434E-5
0.0272,-1.82214336E-5,-9.274732599E-5
0.02725,-3.718079719E-5,-9.322200261E-5
0.0273,-5.620340572E-5,-9.369873513E-5
0.02735,-7.528344347E-5,-9.417737967E-5
0.0274,-9.441490713E-5,-9.46577875E-5
0.02745,-1.135917144E-4,-9.513980777E-5
0.0275,-1.328076122E-4,-9.562328521E-5
0.02755,-1.520561759E-4,-9.610806011E-5
0.0276,-1.713309184E-4,-9.659397102E-5
0.02765,-1.906251985E-4,-9.708085248E-5
0.0277,-2.09932221E-4,-9.756853502E-5
0.02775,-2.292451455E-4,-9.805684785E-5
0.0278,-2.485569964E-4,-9.854561666E-5
0.02785,-2.678606616E-4,-9.903466352E-5
0.0279,-2.871490037E-4,-9.95238097E-5
0.02795,-3.064147681E-4,-1.000128734E-4
0.028,-3.256505841E-4,-1.005016696E-4
0.02805,-3.448490749E-4,-1.009900131E-4
0.0281,-3.640027669E-4,-1.014777161E-4
0.02815,-3.831040905E-4,-1.01964588E-4
0.0282,-4.021454905E-4,-1.024504386E-4
0.02825,-4.211193357E-4,-1.029350756E-4
0.0283,-4.400179198E-4,-1.034183044E-4
0.02835,-4.588335721E-4,-1.038999314E-4
0.0284,-4.77558567E-4,-1.043797611E-4
0.02845,-4.961851253E-4,-1.048575969E-4
0.0285,-5.147055247E-4,-1.05333243E-4
0.02855,-5.331120098E-4,-1.058065029E-4
0.0286,-5.513967949E-4,-1.062771789E-4
0.02865,-5.695521941E-4,-1.067450757E-4
0.0287,-5.875704825E-4,-1.07209997E-4
0.02875,-6.054438868E-4,-1.076717448E-4
0.0288,-6.231647674E-4,-1.081301244E-4
0.02885,-6.407255286E-4,-1.085849421E-4
0.0289,-6.581185916E-4,-1.090360042E-4
0.02895,-6.753364081E-4,-1.094831178E-4
0.029,-6.923715594E-4,-1.099260929E-4
0.02905,-7.092166597E-4,-1.103647403E-4
0.0291,-7.258643623E-4,-1.107988714E-4
0.02915,-7.423074709E-4,-1.112283013E-4
0.0292,-7.585388485E-4,-1.116528463E-4
0.02925,-7.745514177E-4,-1.120723241E-4
0.0293,-7.90338272E-4,-1.124865566E-4
0.02935,-8.05892584E-4,-1.128953673E-4
0.0294,-8.212076063E-4,-1.132985816E-4
0.02945,-8.362767818E-4,-1.136960296E-4
0.0295,-8.510936518E-4,-1.140875435E-4
0.02955,-8.656518566E-4,-1.144729579E-4
0.0296,-8.799452452E-4,-1.148521126E-4
0.02965,-8.939677836E-4,-1.1522485E-4
0.0297,-9.077135542E-4,-1.155910153E-4
0.02975,-9.211768662E-4,-1.159504592E-4
0.0298,-9.343521622E-4,-1.163030357E-4
0.02985,-9.472340184E-4,-1.16648602E-4
0.0299,-9.598172535E-4,-1.16987021E-4
0.02995,-9.720968358E-4,-1.173181595E-4
0.03,-9.84067882E-4,-1.176418877E-4
0.03005,-9.957257664E-4,-1.179580822E-4
0.0301,-0.001007066027,-1.182666236E-4
0.03015,-0.001018084364,-1.185673964E-4
0.0302,-0.001028776749,-1.188602918E-4
0.03025,-0.001039139328,-1.191452053E-4
0.0303,-0.001049168424,-1.194220365E-4
0.03035,-0.001058860641,-1.196906923E-4
0.0304,-0.001068212769,-1.199510839E-4
0.03045,-0.001077221786,-1.202031273E-4
0.0305,-0.001085884959,-1.204467454E-4
0.03055,-0.001094199752,-1.206818663E-4
0.0306,-0.001102163823,-1.209084227E-4
0.03065,-0.001109775131,-1.211263546E-4
0.0307,-0.001117031836,-1.213356073E-4
0.03075,-0.001123932301,-1.21536131E-4
0.0308,-0.001130475191,-1.217278833E-4
0.03085,-0.001136659383,-1.219108273E-4
0.0309,-0.001142483958,-1.22084931E-4
0.03095,-0.001147948306,-1.222501701E-4
0.031,-0.001153052029,-1.224065257E-4
0.03105,-0.001157794938,-1.22553984E-4
0.0311,-0.001162177154,-1.226925391E-4
0.03115,-0.001166199012,-1.228221902E-4
0.0312,-0.001169861055,-1.22942942E-4
0.03125,-0.001173164157,-1.230548074E-4
0.0313,-0.001176109385,-1.23157804E-4
0.03135,-0.001178697973,-1.232519538E-4
0.0314,-0.001180931488,-1.233372871E-4
0.03145,-0.001182811746,-1.234138403E-4
0.0315,-0.001184340772,-1.234816553E-4
0.03155,-0.001185520802,-1.235407794E-4
0.0316,-0.001186354379,-1.235912672E-4
0.03165,-0.001186844239,-1.236331787E-4
0.0317,-0.001186993314,-1.236665786E-4
0.03175,-0.001186804834,-1.236915391E-4
0.0318,-0.001186282222,-1.237081373E-4
0.03185,-0.001185429086,-1.237164553E-4
0.0319,-0.001184249323,-1.237165822E-4
0.03195,-0.001182747016,-1.23708612E-4
0.032,-0.001180926421,-1.236926431E-4
0.03205,-0.001178792074,-1.236687809E-4
0.0321,-0.001176348683,-1.236371353E-4
0.03215,-0.00117360112,-1.235978206E-4
0.0322,-0.001170554522,-1.235509576E-4
0.03225,-0.001167214185,-1.234966713E-4
0.0323,-0.001163585557,-1.234350906E-4
0.03235,-0.001159674334,-1.233663508E-4
0.0324,-0.001155486359,-1.232905909E-4
0.03245,-0.00115102761,-1.232079536E-4
0.0325,-0.001146304298,-1.231185875E-4
0.03255,-0.001141322765,-1.230226445E-4
0.0326,-0.001136089469,-1.229202797E-4
0.03265,-0.001130611086,-1.228116539E-4
0.0327,-0.001124894403,-1.226969306E-4
0.03275,-0.001118946308,-1.225762763E-4
0.0328,-0.001112773885,-1.224498622E-4
0.03285,-0.001106384313,-1.223178624E-4
0.0329,-0.00109978485,-1.221804529E-4
0.03295,-0.001092982933,-1.220378146E-4
0.033,-0.001085986073,-1.218901302E-4
0.03305,-0.001078801838,-1.217375842E-4
0.0331,-0.001071437957,-1.215803651E-4
0.03315,-0.001063902209,-1.214186632E-4
0.0332,-0.001056202414,-1.212526696E-4
0.03325,-0.001048346525,-1.210825792E-4
0.0333,-0.001040342528,-1.209085879E-4
0.03335,-0.001032198426,-1.207308921E-4
0.0334,-0.001023922336,-1.205496914E-4
0.03345,-0.001015522383,-1.203651856E-4
0.0335,-0.001007006688,-1.201775749E-4
0.03355,-9.98383463E-4,-1.199870616E-4
0.0336,-9.896609058E-4,-1.197938482E-4
0.03365,-9.808471895E-4,-1.195981367E-4
0.0337,-9.719505689E-4,-1.194001311E-4
0.03375,-9.629792542E-4,-1.192000349E-4
0.0338,-9.539413644E-4,-1.189980491E-4
0.03385,-9.448450787E-4,-1.187943768E-4
0.0339,-9.356985643E-4,-1.185892207E-4
0.03395,-9.265099217E-4,-1.183827823E-4
0.034,-9.172871837E-4,-1.181752613E-4
0.03405,-9.080384004E-4,-1.179668583E-4
0.0341,-8.987715285E-4,-1.177577716E-4
0.03415,-8.89494423E-4,-1.175481973E-4
0.0342,-8.802149344E-4,-1.173383314E-4
0.03425,-8.709408035E-4,-1.171283676E-4
0.0343,-8.616796488E-4,-1.169184965E-4
0.03435,-8.524390628E-4,-1.167089083E-4
0.0344,-8.432265083E-4,-1.164997903E-4
0.03445,-8.340493051E-4,-1.162913261E-4
0.0345,-8.249147273E-4,-1.160836987E-4
0.03455,-8.158298994E-4,-1.158770873E-4
0.0346,-8.068017836E-4,-1.156716673E-4
0.03465,-7.978372775E-4,-1.154676127E-4
0.0347,-7.889431104E-4,-1.152650933E-4
0.03475,-7.80125831E-4,-1.150642746E-4
0.0348,-7.713919058E-4,-1.148653205E-4
0.03485,-7.627476156E-4,-1.1466839E-4
0.0349,-7.541990439E-4,-1.144736375E-4
0.03495,-7.457521753E-4,-1.142812152E-4
0.035,-7.374127931E-4,-1.140912702E-4
0.03505,-7.291864676E-4,-1.139039445E-4
0.0351,-7.210786557E-4,-1.137193775E-4
0.03515,-7.130945983E-4,-1.135377033E-4
0.0352,-7.0523931E-4,-1.133590502E-4
0.03525,-6.975176783E-4,-1.131835439E-4
0.0353,-6.899343623E-4,-1.130113041E-4
0.03535,-6.824937828E-4,-1.12842445E-4
0.0354,-6.752002219E-4,-1.126770771E-4
0.03545,-6.680577227E-4,-1.125153054E-4
0.0355,-6.610700796E-4,-1.123572284E-4
0.03555,-6.542409387E-4,-1.122029413E-4
0.0356,-6.475736984E-4,-1.120525329E-4
0.03565,-6.410714997E-4,-1.11906086E-4
0.0357,-6.347373283E-4,-1.117636794E-4
0.03575,-6.285739144E-4,-1.116253854E-4
0.0358,-6.225837255E-4,-1.114912701E-4
0.03585,-6.167690671E-4,-1.113613956E-4
0.0359,-6.111319851E-4,-1.112358173E-4
0.03595,-6.05674258E-4,-1.111145842E-4
0.036,-6.003974989E-4,-1.109977411E-4
0.03605,-5.953030585E-4,-1.108853264E-4
0.0361,-5.903920173E-4,-1.107773715E-4
0.03615,-5.856652898E-4,-1.10673904E-4
0.0362,-5.811235265E-4,-1.105749448E-4
0.03625,-5.7676711E-4,-1.10480508E-4
0.0363,-5.725962745E-4,-1.103906042E-4
0.03635,-5.686109725E-4,-1.103052367E-4
0.0364,-5.648108493E-4,-1.102244014E-4
0.03645,-5.611954116E-4,-1.101480906E-4
0.0365,-5.577639459E-4,-1.100762909E-4
0.03655,-5.545154809E-4,-1.100089828E-4
0.0366,-5.514487951E-4,-1.099461402E-4
0.03665,-5.485625109E-4,-1.098877332E-4
0.0367,-5.458549933E-4,-1.098337255E-4
0.03675,-5.433243518E-4,-1.097840742E-4
0.0368,-5.409685466E-4,-1.097387327E-4
0.03685,-5.38785294E-4,-1.096976483E-4
0.0369,-5.367720634E-4,-1.09660762E-4
0.03695,-5.349261842E-4,-1.096280113E-4
0.037,-5.332447516E-4,-1.095993276E-4
0.03705,-5.317246247E-4,-1.095746366E-4
0.0371,-5.303625331E-4,-1.095538604E-4
0.03715,-5.291549845E-4,-1.095369156E-4
0.0372,-5.280982619E-4,-1.095237132E-4
0.03725,-5.27188532E-4,-1.09514161E-4
0.0373,-5.264217525E-4,-1.095081617E-4
0.03735,-5.257936704E-4,-1.095056123E-4
0.0374,-5.252999306E-4,-1.095064075E-4
0.03745,-5.249359837E-4,-1.095104368E-4
0.0375,-5.246970849E-4,-1.095175847E-4
0.03755,-5.245784029E-4,-1.095277336E-4
0.0376,-5.245749284E-4,-1.095407612E-4
0.03765,-5.246814734E-4,-1.095565405E-4
0.0377,-5.248927802E-4,-1.095749428E-4
0.03775,-5.252034306E-4,-1.095958353E-4
0.0378,-5.256078455E-4,-1.096190808E-4
0.03785,-5.261003945E-4,-1.096445409E-4
0.0379,-5.266753049E-4,-1.096720734E-4
0.03795,-5.273266622E-4,-1.097015323E-4
0.038,-5.280485196E-4,-1.097327709E-4
0.03805,-5.288348077E-4,-1.097656392E-4
0.0381,-5.296793347E-4,-1.097999838E-4
0.03815,-5.305758969E-4,-1.09835651E-4
0.0382,-5.315181879E-4,-1.098724845E-4
0.03825,-5.324997996E-4,-1.09910325E-4
0.0383,-5.335143326E-4,-1.099490135E-4
0.03835,-5.345553056E-4,-1.099883887E-4
0.0384,-5.356161565E-4,-1.100282871E-4
0.03845,-5.36690353E-4,-1.100685459E-4
0.0385,-5.377713024E-4,-1.101090004E-4
0.03855,-5.388523524E-4,-1.101494844E-4
0.0386,-5.399269019E-4,-1.101898329E-4
0.03865,-5.409883109E-4,-1.102298796E-4
0.0387,-5.420299011E-4,-1.10269457E-4
0.03875,-5.430450672E-4,-1.103083996E-4
0.0388,-5.440271865E-4,-1.10346541E-4
0.03885,-5.449696209E-4,-1.103837143E-4
0.0389,-5.458658481E-4,-1.104197555E-4
0.03895,-5.467093222E-4,-1.104544995E-4
0.039,-5.474934645E-4,-1.104877806E-4
0.03905,-5.482118437E-4,-1.105194364E-4
0.0391,-5.488580879E-4,-1.105493059E-4
0.03915,-5.494258563E-4,-1.105772286E-4
0.0392,-5.499088527E-4,-1.106030452E-4
0.03925,-5.503009245E-4,-1.106265996E-4
0.0393,-5.505959652E-4,-1.106477369E-4
0.03935,-5.507879209E-4,-1.106663031E-4
0.0394,-5.508709005E-4,-1.106821483E-4
0.03945,-5.508390843E-4,-1.106951243E-4
0.0395,-5.506867244E-4,-1.107050843E-4
0.03955,-5.504082548E-4,-1.107118863E-4
0.0396,-5.499981997E-4,-1.1071539E-4
0.03965,-5.494511733E-4,-1.107154574E-4
0.0397,-5.487619898E-4,-1.107119555E-4
0.03975,-5.479255714E-4,-1.107047536E-4
0.0398,-5.469369472E-4,-1.106937238E-4
0.03985,-5.457913634E-4,-1.106787433E-4
0.0399,-5.444841902E-4,-1.106596924E-4
0.03995,-5.430109211E-4,-1.106364544E-4
0.04,-5.413672818E-4,-1.106089181E-4
0.04005,-5.395491374E-4,-1.10576976E-4
0.0401,-5.375524902E-4,-1.105405236E-4
0.04015,-5.353735893E-4,-1.104994626E-4
0.0402,-5.330088364E-4,-1.104536986E-4
0.04025,-5.304547836E-4,-1.104031406E-4
0.0403,-5.27708242E-4,-1.103477041E-4
0.04035,-5.247661872E-4,-1.102873086E-4
0.0404,-5.216257566E-4,-1.102218778E-4
0.04045,-5.182843576E-4,-1.101513417E-4
0.0405,-5.147395717E-4,-1.100756348E-4
0.04055,-5.109891522E-4,-1.099946959E-4
0.0406,-5.070311311E-4,-1.099084706E-4
0.04065,-5.02863723E-4,-1.098169091E-4
0.0407,-4.984853219E-4,-1.09719966E-4
0.04075,-4.938946076E-4,-1.096176029E-4
0.0408,-4.890904491E-4,-1.095097862E-4
0.04085,-4.840719002E-4,-1.09396487E-4
0.0409,-4.788383059E-4,-1.092776835E-4
0.04095,-4.733892049E-4,-1.091533588E-4
0.041,-4.677243245E-4,-1.090235008E-4
0.04105,-4.618436862E-4,-1.088881044E-4
0.0411,-4.557475081E-4,-1.087471698E-4
0.04115,-4.494362042E-4,-1.08600702E-4
0.0412,-4.429104836E-4,-1.084487133E-4
0.04125,-4.361712413E-4,-1.082912208E-4
0.0413,-4.292195529E-4,-1.08128246E-4
0.04135,-4.220567944E-4,-1.07959818E-4
0.0414,-4.146845567E-4,-1.077859713E-4
0.04145,-4.071046053E-4,-1.076067449E-4
0.0415,-3.993190006E-4,-1.07422185E-4
0.04155,-3.913299962E-4,-1.07232343E-4
0.0416,-3.83140028E-4,-1.070372747E-4
0.04165,-3.747518162E-4,-1.068370431E-4
0.0417,-3.661682669E-4,-1.066317158E-4
0.04175,-3.573924632E-4,-1.064213652E-4
0.0418,-3.484277676E-4,-1.062060706E-4
0.04185,-3.392777205E-4,-1.059859157E-4
0.0419,-3.299460312E-4,-1.057609888E-4
0.04195,-3.204366794E-4,-1.055313848E-4
0.042,-3.107538133E-4,-1.05297203E-4
0.04205,-3.009017398E-4,-1.050585469E-4
0.0421,-2.908850254E-4,-1.048155263E-4
0.04215,-2.807083937E-4,-1.045682554E-4
0.0422,-2.703767152E-4,-1.04316852E-4
0.04225,-2.598951069E-4,-1.040614402E-4
0.0423,-2.492688304E-4,-1.038021479E-4
0.04235,-2.3850328E-4,-1.035391062E-4
0.0424,-2.276040827E-4,-1.032724527E-4
0.04245,-2.165769949E-4,-1.030023277E-4
0.0425,-2.054278906E-4,-1.027288752E-4
0.04255,-1.941628609E-4,-1.024522443E-4
0.0426,-1.827881097E-4,-1.021725874E-4
0.04265,-1.713099421E-4,-1.018900594E-4
0.0427,-1.597348627E-4,-1.016048205E-4
0.04275,-1.480694717E-4,-1.013170333E-4
0.0428,-1.363204521E-4,-1.010268627E-4
0.04285,-1.244946681E-4,-1.007344782E-4
0.0429,-1.125990606E-4,-1.004400517E-4
0.04295,-1.006406343E-4,-1.001437566E-4
0.043,-8.862655529E-5,-9.984577042E-5
0.04305,-7.656404664E-5,-9.954627259E-5
0.0431,-6.446037494E-5,-9.924544359E-5
0.04315,-5.23229478E-5,-9.89434677E-5
0.0432,-4.015920898E-5,-9.864053026E-5
0.04325,-2.797662485E-5,-9.833681735E-5
0.0433,-1.578278155E-5,-9.803251825E-5
0.04335,-3.585279977E-6,-9.772782281E-5
0.0434,8.608277943E-6,-9.742292107E-5
0.04345,2.079019228E-5,-9.711800572E-5
0.0435,3.295277026E-5,-9.681326948E-5
0.04355,4.508833819E-5,-9.650890477E-5
0.0436,5.718913409E-5,-9.62051064E-5
0.04365,6.924743293E-5,-9.590206846E-5
0.0437,8.125559424E-5,-9.559998314E-5
0.04375,9.320591096E-5,-9.529904445E-5
0.0438,1.050906806E-4,-9.499944649E-5
0.04385,1.169022606E-4,-9.470138208E-5
0.0439,1.286330692E-4,-9.440504267E-5
0.04395,1.402755001E-4,-9.411062053E-5
0.044,1.518220337E-4,-9.381830597E-5
0.04405,1.632652453E-4,-9.352828708E-5
0.0441,1.745977079E-4,-9.324075223E-5
0.04415,1.858120974E-4,-9.295588736E-5
0.0442,1.969012057E-4,-9.267387574E-5
0.04425,2.07857844E-4,-9.239490029E-5
0.0443,2.186749472E-4,-9.211914104E-5
0.04435,2.29345587E-4,-9.184677479E-5
0.0444,2.398628749E-4,-9.157797748E-5
0.04445,2.502200661E-4,-9.131292166E-5
0.0445,2.604105729E-4,-9.10517761E-5
0.04455,2.704278667E-4,-9.079470827E-5
0.0446,2.802655824E-4,-9.054188171E-5
0.04465,2.899175303E-4,-9.029345572E-5
0.0447,2.99377599E-4,-9.004958781E-5
0.04475,3.08639858E-4,-8.981043111E-5
0.0448,3.176985705E-4,-8.957613407E-5
0.04485,3.26548095E-4,-8.934684287E-5
0.0449,3.35182988E-4,-8.91226989E-5
0.04495,3.435980158E-4,-8.890383844E-5
0.045,3.517880558E-4,-8.869039511E-5
0.04505,3.597481989E-4,-8.848249733E-5
0.0451,3.674737606E-4,-8.828026801E-5
0.04515,3.74960182E-4,-8.808382705E-5
0.0452,3.822031311E-4,-8.789328877E-5
0.04525,3.891985138E-4,-8.770876168E-5
0.0453,3.959423743E-4,-8.753035091E-5
0.04535,4.024309956E-4,-8.73581557E-5
0.0454,4.086609102E-4,-8.719226919E-5
0.04545,4.146287993E-4,-8.703278084E-5
0.0455,4.203315935E-4,-8.687977397E-5
0.04555,4.257664821E-4,-8.673332553E-5
0.0456,4.309308122E-4,-8.659350856E-5
0.04565,4.358221885E-4,-8.646038974E-5
0.0457,4.404384819E-4,-8.633402914E-5
0.04575,4.447777281E-4,-8.621448278E-5
0.0458,4.488382265E-4,-8.610180012E-5
0.04585,4.526185484E-4,-8.599602387E-5
0.0459,4.561174347E-4,-8.589719251E-5
0.04595,4.593338941E-4,-8.580533788E-5
0.046,4.62267209E-4,-8.572048499E-5
0.04605,4.649168171E-4,-8.564265499E-5
0.0461,4.672824441E-4,-8.557186182E-5
0.04615,4.69364132E-4,-8.550811154E-5
0.0462,4.711620727E-4,-8.545140645E-5
0.04625,4.726766878E-4,-8.540174308E-5
0.0463,4.739086694E-4,-8.535911123E-5
0.04635,4.748589724E-4,-8.532349406E-5
0.0464,4.755287222E-4,-8.529487046E-5
0.04645,4.759193167E-4,-8.52732125E-5
0.0465,4.760324255E-4,-8.525848538E-5
0.04655,4.75869885E-4,-8.525065012E-5
0.0466,4.754337932E-4,-8.524966112E-5
0.04665,4.747265145E-4,-8.525546608E-5
0.0467,4.737505738E-4,-8.526800863E-5
0.04675,4.725087507E-4,-8.528722597E-5
0.0468,4.710040834E-4,-8.531304874E-5
0.04685,4.692397625E-4,-8.534540372E-5
0.0469,4.672192243E-4,-8.538421144E-5
0.04695,4.649461543E-4,-8.542938612E-5
0.047,4.624243802E-4,-8.548083834E-5
0.04705,4.596579647E-4,-8.55384727E-5
0.0471,4.566512085E-4,-8.560218774E-5
0.04715,4.534085424E-4,-8.567187865E-5
0.0472,4.499346199E-4,-8.574743492E-5
0.04725,4.462343194E-4,-8.582874033E-5
0.0473,4.423126356E-4,-8.591567558E-5
0.04735,4.381747721E-4,-8.600811608E-5
0.0474,4.338261423E-4,-8.610593182E-5
0.04745,4.292722611E-4,-8.620899012E-5
0.0475,4.245188364E-4,-8.631715335E-5
0.04755,4.195717701E-4,-8.643027888E-5
0.0476,4.144370486E-4,-8.65482218E-5
0.04765,4.091208344E-4,-8.667083269E-5
0.0477,4.036294664E-4,-8.679795751E-5
0.04775,3.979693504E-4,-8.692944043E-5
0.0478,3.921470498E-4,-8.706512149E-5
0.04785,3.861692858E-4,-8.720483664E-5
0.0479,3.800428274E-4,-8.734842045E-5
0.04795,3.737745819E-4,-8.749570387E-5
0.048,3.673715949E-4,-8.764651422E-5
0.04805,3.608409395E-4,-8.780067795E-5
0.0481,3.54189807E-4,-8.795801838E-5
0.04815,3.474255064E-4,-8.811835571E-5
0.0482,3.405553538E-4,-8.828150977E-5
0.04825,3.335867621E-4,-8.844729779E-5
0.0483,3.26527241E-4,-8.861553439E-5
0.04835,3.193842855E-4,-8.878603438E-5
0.0484,3.121654666E-4,-8.895861049E-5
0.04845,3.048784297E-4,-8.913307337E-5
0.0485,2.975307844E-4,-8.930923439E-5
0.04855,2.901301936E-4,-8.94869034E-5
0.0486,2.826843719E-4,-8.966588876E-5
0.04865,2.752009541E-4,-8.984600064E-5
0.0487,2.676876345E-4,-9.002704753E-5
0.04875,2.601521759E-4,-9.0208836E-5
0.0488,2.526022282E-4,-9.039117526E-5
0.04885,2.450454169E-4,-9.057387495E-5
0.0489,2.374893705E-4,-9.075674443E-5
0.04895,2.299417073E-4,-9.093959312E-5
0.049,2.224099351E-4,-9.112223304E-5
0.04905,2.149015488E-4,-9.13044763E-5
0.0491,2.074240232E-4,-9.148613538E-5
0.04915,1.999847022E-4,-9.166702579E-5
0.0492,1.925908895E-4,-9.184696392E-5
0.04925,1.852498482E-4,-9.202576695E-5
0.0493,1.779686892E-4,-9.220325569E-5
0.04935,1.707544627E-4,-9.237925232E-5
0.0494,1.63614158E-4,-9.255358033E-5
0.04945,1.56554592E-4,-9.272606737E-5
0.0495,1.495825013E-4,-9.289654293E-5
0.04955,1.42704542E-4,-9.306483833E-5
0.0496,1.359271787E-4,-9.323078952E-5
0.04965,1.292567769E-4,-9.339423476E-5
0.0497,1.226996032E-4,-9.355501465E-5
0.04975,1.16261715E-4,-9.371297485E-5
0.0498,1.099490526E-4,-9.386796377E-5
0.04985,1.037674404E-4,-9.401983262E-5
0.0499,9.772247665E-5,-9.41684381E-5
0.04995,9.18196265E-5,-9.431364008E-5
0.05,8.606422311E-5,-9.445530161E-5
0.05005,8.046135827E-5,-9.459329167E-5
0.0501,7.501597571E-5,-9.472748277E-5
0.05015,6.973287293E-5,-9.485775098E-5
0.0502,6.461659213E-5,-9.498397863E-5
0.05025,5.967151424E-5,-9.510605198E-5
0.0503,5.490186121E-5,-9.522386114E-5
0.05035,5.031158751E-5,-9.533730282E-5
0.0504,4.590447474E-5,-9.544627794E-5
0.05045,4.168413454E-5,-9.555069158E-5
0.0505,3.765390064E-5,-9.565045571E-5
0.05055,3.381692411E-5,-9.574548674E-5
0.0506,3.017617688E-5,-9.583570551E-5
0.05065,2.673434442E-5,-9.592103994E-5
0.0507,2.349392161E-5,-9.600142266E-5
0.05075,2.045721694E-5,-9.607679088E-5
0.0508,1.762624578E-5,-9.614708912E-5
0.05085,1.500282698E-5,-9.621226673E-5
0.0509,1.258858768E-5,-9.627227782E-5
0.05095,1.038485729E-5,-9.632708391E-5
0.051,8.392764715E-6,-9.637665151E-5
0.05105,6.613243913E-6,-9.642095195E-5
0.0511,5.046928469E-6,-9.645996409E-5
0.05115,3.69424959E-6,-9.649367179E-5
0.0512,2.555440489E-6,-9.65220639E-5
0.05125,1.630417196E-6,-9.654513716E-5
0.0513,9.189101847E-7,-9.656289297E-5
0.05135,4.204939253E-7,-9.657533663E-5
0.0514,1.344222755E-7,-9.658248149E-5
0.05145,5.970739902E-8,-9.658434693E-5
0.0515,1.951633924E-7,-9.658095735E-5
0.05155,5.394014305E-7,-9.657234221E-5
0.0516,1.090737993E-6,-9.655853842E-5
0.05165,1.847301584E-6,-9.653958761E-5
0.0517,2.80703532E-6,-9.651553609E-5
0.05175,3.967594588E-6,-9.648643742E-5
0.0518,5.326448049E-6,-9.645234991E-5
0.05185,6.880886738E-6,-9.641333635E-5
0.0519,8.627922201E-6,-9.63694666E-5
0.05195,1.056438803E-5,-9.632081505E-5
0.052,1.268694963E-5,-9.626746037E-5
0.05205,1.499200313E-5,-9.620948804E-5
0.0521,1.747577741E-5,-9.614698784E-5
0.05215,2.013434459E-5,-9.608005353E-5
0.0522,2.296351948E-5,-9.600878543E-5
0.05225,2.595896223E-5,-9.593328783E-5
0.0523,2.911618932E-5,-9.585366872E-5
0.05235,3.243047366E-5,-9.577004227E-5
0.0524,3.589694771E-5,-9.568252633E-5
0.05245,3.951061503E-5,-9.559124205E-5
0.0525,4.32662509E-5,-9.549631644E-5
0.05255,4.715850593E-5,-9.539787975E-5
0.0526,5.11819181E-5,-9.529606519E-5
0.05265,5.533081384E-5,-9.519101139E-5
0.0527,5.959941212E-5,-9.50828598E-5
0.05275,6.398183685E-5,-9.497175442E-5
0.0528,6.847201851E-5,-9.48578442E-5
0.05285,7.30637985E-5,-9.47412805E-5
0.0529,7.7750942E-5,-9.462221673E-5
0.05295,8.252703998E-5,-9.45008108E-5
0.053,8.73856138E-5,-9.437722254E-5
0.05305,9.232012848E-5,-9.425161335E-5
0.0531,9.7323895E-5,-9.412414864E-5
0.05315,1.023901752E-4,-9.399499521E-5
0.0532,1.075121951E-4,-9.386432093E-5
0.05325,1.126830479E-4,-9.373229716E-5
0.0533,1.178957986E-4,-9.359909616E-5
0.05335,1.231434979E-4,-9.346489068E-5
0.0534,1.284190852E-4,-9.332985647E-5
0.05345,1.337154932E-4,-9.319416958E-5
0.0535,1.390256624E-4,-9.305800609E-5
0.05355,1.443424437E-4,-9.292154445E-5
0.0536,1.496587036E-4,-9.278496294E-5
0.05365,1.549673365E-4,-9.264843929E-5
0.0537,1.602611567E-4,-9.251215342E-5
0.05375,1.655330245E-4,-9.23762843E-5
0.0538,1.707758932E-4,-9.224100872E-5
0.05385,1.759826575E-4,-9.210650513E-5
0.0539,1.811462257E-4,-9.197295181E-5
0.05395,1.862595737E-4,-9.184052554E-5
0.054,1.913157468E-4,-9.170940151E-5
0.05405,1.963077739E-4,-9.157975554E-5
0.0541,2.012287785E-4,-9.145176122E-5
0.05415,2.060719866E-4,-9.132558975E-5
0.0542,2.108306299E-4,-9.120141239E-5
0.05425,2.154980501E-4,-9.107939777E-5
0.0543,2.200677127E-4,-9.095971163E-5
0.05435,2.245331091E-4,-9.084251921E-5
0.0544,2.288878612E-4,-9.072798264E-5
0.05445,2.331257347E-4,-9.061626063E-5
0.0545,2.372405411E-4,-9.050751089E-5
0.05455,2.412262419E-4,-9.040188754E-5
0.0546,2.450769612E-4,-9.029954076E-5
0.05465,2.487868882E-4,-9.020061929E-5
0.0547,2.523503801E-4,-9.010526778E-5
0.05475,2.557619748E-4,-9.00136265E-5
0.0548,2.59016293E-4,-8.992583382E-5
0.05485,2.621081404E-4,-8.984202358E-5
0.0549,2.650325202E-4,-8.976232482E-5
0.05495,2.677845343E-4,-8.968686426E-5
0.055,2.703594857E-4,-8.961576367E-5
0.05505,2.727528899E-4,-8.954913966E-5
0.0551,2.74960376E-4,-8.948710609E-5
0.05515,2.76977788E-4,-8.942977156E-5
0.0552,2.788011962E-4,-8.937723912E-5
0.05525,2.804267975E-4,-8.932960873E-5
0.0553,2.818510163E-4,-8.928697479E-5
0.05535,2.83070515E-4,-8.924942581E-5
0.0554,2.840820939E-4,-8.921704692E-5
0.05545,2.848827915E-4,-8.918991742E-5
0.0555,2.854698943E-4,-8.916811044E-5
0.05555,2.858408362E-4,-8.915169551E-5
0.0556,2.859932979E-4,-8.914073604E-5
0.05565,2.859252165E-4,-8.91352891E-5
0.0557,2.856346837E-4,-8.913540792E-5
0.05575,2.851200449E-4,-8.914113945E-5
0.0558,2.843799079E-4,-8.915252413E-5
0.05585,2.834130407E-4,-8.91695984E-5
0.0559,2.822184698E-4,-8.919239228E-5
0.05595,2.807954881E-4,-8.922092915E-5
0.056,2.791435521E-4,-8.925522831E-5
0.05605,2.772623795E-4,-8.929530255E-5
0.0561,2.751519564E-4,-8.934115795E-5
0.05615,2.728124339E-4,-8.939279646E-5
0.0562,2.70244225E-4,-8.945021347E-5
0.05625,2.674480088E-4,-8.951339773E-5
0.0563,2.644246117E-4,-8.958233425E-5
0.05635,2.611751392E-4,-8.965700107E-5
0.0564,2.577010025E-4,-8.973736853E-5
0.05645,2.540037497E-4,-8.982340354E-5
0.0565,2.500851463E-4,-8.991506752E-5
0.05655,2.459472141E-4,-9.001231542E-5
0.0566,2.415922227E-4,-9.011509596E-5
0.05665,2.370225956E-4,-9.022335396E-5
0.0567,2.322410112E-4,-9.033702777E-5
0.05675,2.272504012E-4,-9.045604938E-5
0.0568,2.220538441E-4,-9.058034701E-5
0.05685,2.166546593E-4,-9.070984278E-5
0.0569,2.110564109E-4,-9.08444526E-5
0.05695,2.052628002E-4,-9.098408888E-5
0.057,1.992777595E-4,-9.112865814E-5
0.05705,1.931054549E-4,-9.127806097E-5
0.0571,1.867501783E-4,-9.143219469E-5
0.05715,1.80216441E-4,-9.159095104E-5
0.0572,1.735089755E-4,-9.175421612E-5
0.05725,1.666326273E-4,-9.192187305E-5
0.0573,1.595924477E-4,-9.209379973E-5
0.05735,1.523936952E-4,-9.226986872E-5
0.0574,1.450417268E-4,-9.244994999E-5
0.05745,1.375420901E-4,-9.263390861E-5
0.0575,1.299005246E-4,-9.282160472E-5
0.05755,1.221228521E-4,-9.301289624E-5
0.0576,1.142150687E-4,-9.320763661E-5
0.05765,1.061833453E-4,-9.340567472E-5
0.0577,9.803391794E-5,-9.360685769E-5
0.05775,8.977317923E-5,-9.381102857E-5
0.0578,8.140767841E-5,-9.401802633E-5
0.05785,7.294401145E-5,-9.422768861E-5
0.0579,6.438891192E-5,-9.443984944E-5
0.05795,5.574925098E-5,-9.465433924E-5
0.058,4.703192701E-5,-9.487098758E-5
0.05805,3.824395617E-5,-9.508962091E-5
0.0581,2.939247223E-5,-9.531006255E-5
0.05815,2.04846158E-5,-9.55321355E-5
0.0582,1.152762477E-5,-9.575566013E-5
0.05825,2.528833872E-6,-9.59804542E-5
0.0583,-6.504436312E-6,-9.620633565E-5
0.05835,-1.556478905E-5,-9.643312034E-5
0.0584,-2.464475201E-5,-9.666062204E-5
0.05845,-3.373688852E-5,-9.688865522E-5
0.0585,-4.283370725E-5,-9.711703283E-5
0.05855,-5.192766292E-5,-9.734556624E-5
0.0586,-6.101126766E-5,-9.75740681E-5
0.05865,-7.007700066E-5,-9.780235003E-5
0.0587,-7.911730898E-5,-9.803022267E-5
0.05875,-8.812471891E-5,-9.825749845E-5
0.0588,-9.709174561E-5,-9.848398932E-5
0.05885,-1.060108956E-4,-9.870950686E-5
0.0589,-1.148747973E-4,-9.893386548E-5
0.05895,-1.236760624E-4,-9.915687899E-5
0.059,-1.324072765E-4,-9.937836039E-5
0.05905,-1.410611792E-4,-9.959812632E-5
0.0591,-1.496305767E-4,-9.98159949E-5
0.05915,-1.581083133E-4,-1.000317851E-4
0.0592,-1.664872846E-4,-1.002453168E-4
0.05925,-1.747605374E-4,-1.004564137E-4
0.0593,-1.829211716E-4,-1.006649006E-4
0.05935,-1.909623468E-4,-1.008706035E-4
0.0594,-1.988773933E-4,-1.010733527E-4
0.05945,-2.066597201E-4,-1.012729801E-4
0.0595,-2.143028153E-4,-1.014693195E-4
0.05955,-2.218003566E-4,-1.016622093E-4
0.0596,-2.2914612E-4,-1.018514902E-4
0.05965,-2.363339786E-4,-1.020370052E-4
0.0597,-2.433580139E-4,-1.022186022E-4
0.05975,-2.502124231E-4,-1.023961321E-4
0.0598,-2.56891518E-4,-1.025694483E-4
0.05985,-2.633898359E-4,-1.027384097E-4
0.0599,-2.697020461E-4,-1.029028786E-4
0.05995,-2.75822949E-4,-1.030627203E-4
0.06,-2.817475857E-4,-1.032178058E-4
0.06005,-2.874711449E-4,-1.0336801E-4
0.0601,-2.929889606E-4,-1.035132112E-4
0.06015,-2.982966222E-4,-1.036532938E-4
0.0602,-3.033898797E-4,-1.037881463E-4
0.06025,-3.082646422E-4,-1.039176611E-4
0.0603,-3.129170861E-4,-1.040417369E-4
0.06035,-3.173435609E-4,-1.041602771E-4
0.0604,-3.215405862E-4,-1.042731888E-4
0.06045,-3.255049601E-4,-1.043803862E-4
0.0605,-3.292336639E-4,-1.04481788E-4
0.06055,-3.327238587E-4,-1.045773173E-4
0.0606,-3.359729929E-4,-1.046669044E-4
0.06065,-3.389787066E-4,-1.047504841E-4
0.0607,-3.417388276E-4,-1.048279961E-4
0.06075,-3.442514781E-4,-1.048993873E-4
0.0608,-3.465149784E-4,-1.049646094E-4
0.06085,-3.485278423E-4,-1.05023619E-4
0.0609,-3.50288883E-4,-1.050763802E-4
0.06095,-3.517971167E-4,-1.051228622E-4
0.061,-3.530517565E-4,-1.051630388E-4
0.06105,-3.540523184E-4,-1.051968916E-4
0.0611,-3.547985242E-4,-1.052244074E-4
0.06115,-3.552902993E-4,-1.052455779E-4
0.0612,-3.555278737E-4,-1.052604025E-4
0.06125,-3.555116718E-4,-1.052688854E-4
0.0613,-3.552423066E-4,-1.052710357E-4
0.06135,-3.547207011E-4,-1.052668701E-4
0.0614,-3.53948001E-4,-1.05256411E-4
0.06145,-3.529255357E-4,-1.052396852E-4
0.0615,-3.516549378E-4,-1.052167276E-4
0.06155,-3.501380417E-4,-1.051875776E-4
0.0616,-3.483768726E-4,-1.051522798E-4
0.06165,-3.463737485E-4,-1.051108861E-4
0.0617,-3.441311817E-4,-1.050634532E-4
0.06175,-3.416518701E-4,-1.050100427E-4
0.0618,-3.389387991E-4,-1.049507233E-4
0.06185,-3.359951404E-4,-1.048855685E-4
0.0619,-3.328242432E-4,-1.048146563E-4
0.06195,-3.29429735E-4,-1.047380718E-4
0.062,-3.258154203E-4,-1.046559045E-4
0.06205,-3.219852703E-4,-1.045682482E-4
0.0621,-3.179435241E-4,-1.044752037E-4
0.06215,-3.136945859E-4,-1.043768757E-4
0.0622,-3.092430146E-4,-1.042733731E-4
0.06225,-3.045936243E-4,-1.041648113E-4
0.0623,-2.997513809E-4,-1.040513096E-4
0.06235,-2.947213912E-4,-1.039329907E-4
0.0624,-2.895090027E-4,-1.038099839E-4
0.06245,-2.841196998E-4,-1.036824217E-4
0.0625,-2.785590927E-4,-1.0355044E-4
0.06255,-2.728330157E-4,-1.034141805E-4
0.0626,-2.669474242E-4,-1.032737879E-4
0.06265,-2.609083819E-4,-1.031294101E-4
0.0627,-2.547221598E-4,-1.029811999E-4
0.06275,-2.483951319E-4,-1.028293132E-4
0.0628,-2.419337624E-4,-1.02673908E-4
0.06285,-2.353447039E-4,-1.025151475E-4
0.0629,-2.286346934E-4,-1.02353197E-4
0.06295,-2.218105383E-4,-1.021882237E-4
0.063,-2.148792151E-4,-1.020203992E-4
0.06305,-2.078477641E-4,-1.018498971E-4
0.0631,-2.007232764E-4,-1.01676892E-4
0.06315,-1.935129908E-4,-1.015015628E-4
0.0632,-1.862241896E-4,-1.013240895E-4
0.06325,-1.788641841E-4,-1.01144653E-4
0.0633,-1.714404125E-4,-1.009634375E-4
0.06335,-1.639603345E-4,-1.00780628E-4
0.0634,-1.564314173E-4,-1.0059641E-4
0.06345,-1.488612329E-4,-1.004109715E-4
0.0635,-1.412573529E-4,-1.00224501E-4
0.06355,-1.336273359E-4,-1.000371867E-4
0.0636,-1.259788356E-4,-9.984921922E-5
0.06365,-1.183194748E-4,-9.966078892E-5
0.0637,-1.106567985E-4,-9.947208422E-5
0.06375,-1.029984242E-4,-9.928329555E-5
0.0638,-9.535197118E-5,-9.90946136E-5
0.06385,-8.772500513E-5,-9.890622791E-5
0.0639,-8.012503679E-5,-9.871832682E-5
0.06395,-7.255960761E-5,-9.853109965E-5
0.064,-6.503617829E-5,-9.834473386E-5
0.06405,-5.756212067E-5,-9.815941489E-5
0.0641,-5.014481459E-5,-9.797532858E-5
0.06415,-4.279154316E-5,-9.779265849E-5
0.0642,-3.550947884E-5,-9.761158564E-5
0.06425,-2.830578074E-5,-9.743229088E-5
0.0643,-2.118749012E-5,-9.725495228E-5
0.06435,-1.416151681E-5,-9.70797448E-5
0.0644,-7.234736493E-6,-9.690684275E-5
0.06445,-4.138866881E-7,-9.673641711E-5
0.0645,6.294446637E-6,-9.656863526E-5
0.06455,1.288373146E-5,-9.640366341E-5
0.0646,1.934759334E-5,-9.624166397E-5
0.06465,2.567982844E-5,-9.608279525E-5
0.0647,3.187430558E-5,-9.592721389E-5
0.06475,3.792506941E-5,-9.57750723E-5
0.0648,4.382635305E-5,-9.562651832E-5
0.06485,4.957247969E-5,-9.548169766E-5
0.0649,5.515796534E-5,-9.534075139E-5
0.06495,6.057753086E-5,-9.520381556E-5
0.065,6.58260033E-5,-9.50710237E-5
0.06505,7.089841788E-5,-9.494250428E-5
0.0651,7.579002971E-5,-9.481838037E-5
0.06515,8.049621447E-5,-9.469877217E-5
0.0652,8.50125699E-5,-9.458379443E-5
0.06525,8.933492689E-5,-9.447355616E-5
0.0653,9.345924963E-5,-9.436816316E-5
0.06535,9.738173649E-5,-9.426771547E-5
0.0654,1.010988305E-4,-9.417230712E-5
0.06545,1.046071189E-4,-9.408202858E-5
0.0655,1.079034335E-4,-9.399696433E-5
0.06555,1.109848601E-4,-9.391719256E-5
0.0656,1.138486381E-4,-9.384278769E-5
0.06565,1.164922594E-4,-9.37738179E-5
0.0657,1.18913478E-4,-9.371034486E-5
0.06575,1.211102081E-4,-9.365242631E-5
0.0658,1.230806231E-4,-9.360011355E-5
0.06585,1.248231638E-4,-9.355345124E-5
0.0659,1.263364364E-4,-9.351247992E-5
0.06595,1.276193104E-4,-9.347723363E-5
0.066,1.286709246E-4,-9.344773964E-5
0.06605,1.294905693E-4,-9.342402151E-5
0.0661,1.300778178E-4,-9.340609569E-5
0.06615,1.304325559E-4,-9.339397086E-5
0.0662,1.305548151E-4,-9.338765203E-5
0.06625,1.304448525E-4,-9.33871386E-5
0.0663,1.30103191E-4,-9.339242329E-5
0.06635,1.29530613E-4,-9.340349232E-5
0.0664,1.287280668E-4,-9.342032774E-5
0.06645,1.276967693E-4,-9.344290487E-5
0.0665,1.264382051E-4,-9.347119229E-5
0.06655,1.249540215E-4,-9.350515447E-5
0.0666,1.232461236E-4,-9.354474942E-5
0.06665,1.213166789E-4,-9.35899285E-5
0.0667,1.191680116E-4,-9.364063913E-5
0.06675,1.168026966E-4,-9.369682237E-5
0.0668,1.142235637E-4,-9.375841286E-5
0.06685,1.114335912E-4,-9.382534146E-5
0.0669,1.084359994E-4,-9.389753289E-5
0.06695,1.052342542E-4,-9.397490564E-5
0.067,1.018319596E-4,-9.405737468E-5
0.06705,9.823295148E-5,-9.414484907E-5
0.0671,9.444129974E-5,-9.423723194E-5
0.06715,9.046120087E-5,-9.433442313E-5
0.0672,8.629707044E-5,-9.443631692E-5
0.06725,8.19535455E-5,-9.454280191E-5
0.0673,7.743537595E-5,-9.465376379E-5
0.06735,7.274751684E-5,-9.476908298E-5
0.0674,6.789513006E-5,-9.488863462E-5
0.06745,6.288347535E-5,-9.501229126E-5
0.0675,5.771800199E-5,-9.513992057E-5
0.06755,5.240435014E-5,-9.527138534E-5
0.0676,4.694824123E-5,-9.540654616E-5
0.06765,4.135556935E-5,-9.554525916E-5
0.0677,3.563240208E-5,-9.5687376E-5
0.06775,2.978487047E-5,-9.583274657E-5
0.0678,2.381926011E-5,-9.598121678E-5
0.06785,1.774201153E-5,-9.613262848E-5
0.0679,1.155960981E-5,-9.628682226E-5
0.06795,5.278675329E-6,-9.644363514E-5
0.068,-1.094036098E-6,-9.660290062E-5
0.06805,-7.551744014E-6,-9.67644514E-5
0.0681,-1.408755275E-5,-9.692811711E-5
0.06815,-2.069445161E-5,-9.709372436E-5
0.0682,-2.73654259E-5,-9.726109947E-5
0.06825,-3.409336654E-5,-9.743006622E-5
0.0683,-4.087107046E-5,-9.760044588E-5
0.06835,-4.769135186E-5,-9.777205994E-5
0.0684,-5.454695192E-5,-9.794472793E-5
0.06845,-6.143053932E-5,-9.811826733E-5
0.0685,-6.833482171E-5,-9.829249646E-5
0.06855,-7.525245542E-5,-9.846723215E-5
0.0686,-8.217604795E-5,-9.864228982E-5
0.06865,-8.909828858E-5,-9.881748677E-5
0.0687,-9.601180957E-5,-9.899263867E-5
0.06875,-1.029091771E-4,-9.916755937E-5
0.0688,-1.097830722E-4,-9.934206541E-5
0.06885,-1.166262029E-4,-9.951597379E-5
0.0689,-1.234312759E-4,-9.968910134E-5
0.06895,-1.301910105E-4,-9.986126499E-5
0.069,-1.368982384E-4,-1.000322843E-4
0.06905,-1.435458065E-4,-1.002019791E-4
0.0691,-1.501265832E-4,-1.003701694E-4
0.06915,-1.566335701E-4,-1.005366786E-4
0.0692,-1.630598108E-4,-1.007013307E-4
0.06925,-1.693983914E-4,-1.00863951E-4
0.0693,-1.756425516E-4,-1.01024368E-4
0.06935,-1.817855937E-4,-1.011824119E-4
0.0694,-1.878208827E-4,-1.013379142E-4
0.06945,-1.937419572E-4,-1.014907106E-4
0.0695,-1.995424382E-4,-1.016406387E-4
0.06955,-2.052160284E-4,-1.017875379E-4
0.0696,-2.107566232E-4,-1.019312525E-4
0.06965,-2.16158219E-4,-1.020716288E-4
0.0697,-2.21414912E-4,-1.022085158E-4
0.06975,-2.265210094E-4,-1.023417674E-4
0.0698,-2.314709363E-4,-1.024712405E-4
0.06985,-2.362592351E-4,-1.025967946E-4
0.0699,-2.408806754E-4,-1.027182949E-4
0.06995,-2.453301613E-4,-1.028356096E-4
0.07,-2.496027295E-4,-1.029486105E-4
0.07005,-2.536936593E-4,-1.03057175E-4
0.0701,-2.575983792E-4,-1.031611841E-4
0.07015,-2.613124645E-4,-1.032605226E-4
0.0702,-2.648317469E-4,-1.033550815E-4
0.07025,-2.6815222E-4,-1.034447556E-4
0.0703,-2.712700373E-4,-1.035294438E-4
0.07035,-2.741816205E-4,-1.036090516E-4
0.0704,-2.768835646E-4,-1.036834885E-4
0.07045,-2.793726354E-4,-1.037526685E-4
0.0705,-2.816458771E-4,-1.038165122E-4
0.07055,-2.837005172E-4,-1.038749451E-4
0.0706,-2.855339625E-4,-1.039278966E-4
0.07065,-2.871439072E-4,-1.039753037E-4
0.0707,-2.88528236E-4,-1.040171078E-4
0.07075,-2.896850205E-4,-1.040532551E-4
0.0708,-2.906126258E-4,-1.04083699E-4
0.07085,-2.913096137E-4,-1.041083977E-4
0.0709,-2.917747378E-4,-1.041273144E-4
0.07095,-2.920070497E-4,-1.041404194E-4
0.071,-2.920058017E-4,-1.041476884E-4
0.07105,-2.917704409E-4,-1.041491016E-4
0.0711,-2.913007149E-4,-1.041446468E-4
0.07115,-2.905965738E-4,-1.04134317E-4
0.0712,-2.896581655E-4,-1.0411811E-4
0.07125,-2.884859548E-4,-1.040960315E-4
0.0713,-2.870805922E-4,-1.04068092E-4
0.07135,-2.854428839E-4,-1.040343059E-4
0.0714,-2.835739565E-4,-1.039946954E-4
0.07145,-2.81475178E-4,-1.03949289E-4
0.0715,-2.791481142E-4,-1.038981202E-4
0.07155,-2.765945333E-4,-1.038412275E-4
0.0716,-2.73816498E-4,-1.037786567E-4
0.07165,-2.708162584E-4,-1.037104587E-4
0.0717,-2.675962497E-4,-1.036366886E-4
0.07175,-2.641591941E-4,-1.035574092E-4
0.0718,-2.605080001E-4,-1.034726876E-4
0.07185,-2.566457531E-4,-1.033825959E-4
0.0719,-2.525758176E-4,-1.032872128E-4
0.07195,-2.483017352E-4,-1.031866217E-4
0.072,-2.43827215E-4,-1.030809103E-4
0.07205,-2.391562346E-4,-1.029701731E-4
0.0721,-2.342929382E-4,-1.028545088E-4
0.07215,-2.292416259E-4,-1.027340201E-4
0.0722,-2.240068542E-4,-1.026088165E-4
0.07225,-2.185933333E-4,-1.024790109E-4
0.0723,-2.130059164E-4,-1.023447205E-4
0.07235,-2.072496989E-4,-1.022060683E-4
0.0724,-2.013299162E-4,-1.020631809E-4
0.07245,-1.95251931E-4,-1.019161886E-4
0.0725,-1.890213336E-4,-1.01765227E-4
0.07255,-1.826438378E-4,-1.016104355E-4
0.0726,-1.761252687E-4,-1.014519558E-4
0.07265,-1.694716619E-4,-1.012899356E-4
0.0727,-1.626891595E-4,-1.011245251E-4
0.07275,-1.557839969E-4,-1.009558769E-4
0.0728,-1.487626021E-4,-1.007841489E-4
0.07285,-1.416314908E-4,-1.00609501E-4
0.0729,-1.343972533E-4,-1.004320955E-4
0.07295,-1.270666531E-4,-1.002520987E-4
0.073,-1.196465217E-4,-1.000696794E-4
0.07305,-1.121437455E-4,-9.988500734E-5
0.0731,-1.045653636E-4,-9.969825665E-5
0.07315,-9.691846261E-5,-9.950960267E-5
0.0732,-8.921016345E-5,-9.93192218E-5
0.07325,-8.144771837E-5,-9.912729389E-5
0.0733,-7.363840619E-5,-9.893399966E-5
0.07335,-6.578951832E-5,-9.873952031E-5
0.0734,-5.7908456E-5,-9.854403998E-5
0.07345,-5.000262521E-5,-9.834774309E-5
0.0735,-4.207942263E-5,-9.815081405E-5
0.07355,-3.414633267E-5,-9.795343962E-5
0.0736,-2.621082242E-5,-9.775580633E-5
0.07365,-1.828032936E-5,-9.755810014E-5
0.0737,-1.036236899E-5,-9.736050916E-5
0.07375,-2.464409073E-6,-9.716322049E-5
0.0738,5.406177489E-6,-9.696641905E-5
0.07385,1.324196136E-5,-9.677029135E-5
0.0739,2.103552834E-5,-9.65750237E-5
0.07395,2.877953423E-5,-9.638080087E-5
0.074,3.64667061E-5,-9.618780599E-5
0.07405,4.408975657E-5,-9.599622277E-5
0.0741,5.164149499E-5,-9.580623266E-5
0.07415,5.911483547E-5,-9.56180147E-5
0.0742,6.650269977E-5,-9.543174787E-5
0.07425,7.379812188E-5,-9.524760855E-5
0.0743,8.099426162E-5,-9.506577015E-5
0.07435,8.808430727E-5,-9.488640552E-5
0.0744,9.506157962E-5,-9.470968439E-5
0.07445,1.019195454E-4,-9.453577298E-5
0.0745,1.086517198E-4,-9.436483647E-5
0.07455,1.1525177E-4,-9.419703642E-5
0.0746,1.217135284E-4,-9.403253039E-5
0.07465,1.280308945E-4,-9.387147443E-5
0.0747,1.341979386E-4,-9.371402047E-5
0.07475,1.40208914E-4,-9.3560316E-5
0.0748,1.460581591E-4,-9.341050653E-5
0.07485,1.517401998E-4,-9.326473303E-5
0.0749,1.572497623E-4,-9.312313159E-5
0.07495,1.625816737E-4,-9.298583591E-5
0.075,1.677309648E-4,-9.285297472E-5
0.07505,1.726928816E-4,-9.27246715E-5
0.0751,1.774627862E-4,-9.260104694E-5
0.07515,1.820362581E-4,-9.24822164E-5
0.0752,1.86409106E-4,-9.236828964E-5
0.07525,1.905772676E-4,-9.225937326E-5
0.0753,1.94536911E-4,-9.215556825E-5
0.07535,1.982844448E-4,-9.205696964E-5
0.0754,2.018164183E-4,-9.196366904E-5
0.07545,2.051296218E-4,-9.187575212E-5
0.0755,2.082210964E-4,-9.179329837E-5
0.07555,2.110880332E-4,-9.171638359E-5
0.0756,2.137278729E-4,-9.16450774E-5
0.07565,2.161383155E-4,-9.1579443E-5
0.0757,2.183172185E-4,-9.151953973E-5
0.07575,2.202626958E-4,-9.146542055E-5
0.0758,2.219731266E-4,-9.141713183E-5
0.07585,2.234470533E-4,-9.137471591E-5
0.0759,2.246832796E-4,-9.133820863E-5
0.07595,2.256808783E-4,-9.130763911E-5
0.076,2.264390891E-4,-9.128303233E-5
0.07605,2.269574157E-4,-9.126440671E-5
0.0761,2.27235633E-4,-9.125177387E-5
0.07615,2.272736839E-4,-9.124514123E-5
0.0762,2.270717762E-4,-9.12445096E-5
0.07625,2.26630387E-4,-9.124987306E-5
0.0763,2.259501433E-4,-9.126122189E-5
0.07635,2.250319545E-4,-9.127853934E-5
0.0764,2.238770387E-4,-9.130180087E-5
0.07645,2.224867535E-4,-9.133097845E-5
0.0765,2.208626777E-4,-9.136603848E-5
0.07655,2.190066485E-4,-9.140694084E-5
0.0766,2.169207548E-4,-9.14536391E-5
0.07665,2.146072418E-4,-9.150608282E-5
0.0767,2.12068613E-4,-9.156421509E-5
0.07675,2.093076282E-4,-9.162797251E-5
0.0768,2.063271968E-4,-9.169728786E-5
0.07685,2.031304726E-4,-9.177208775E-5
0.0769,1.997208567E-4,-9.185229251E-5
0.07695,1.961018909E-4,-9.193781887E-5
0.077,1.922773507E-4,-9.202857763E-5
0.07705,1.882512486E-4,-9.212447358E-5
0.0771,1.84027726E-4,-9.222540816E-5
0.07715,1.796111468E-4,-9.233127716E-5
0.0772,1.750060989E-4,-9.244197064E-5
0.07725,1.702172866E-4,-9.255737566E-5
0.0773,1.652496227E-4,-9.267737392E-5
0.07735,1.601082306E-4,-9.280184175E-5
0.0774,1.54798335E-4,-9.293065281E-5
0.07745,1.493253544E-4,-9.306367578E-5
0.0775,1.43694902E-4,-9.320077434E-5
0.07755,1.379126765E-4,-9.334180988E-5
0.0776,1.31984554E-4,-9.348663923E-5
0.07765,1.259165881E-4,-9.363511462E-5
0.0777,1.19714901E-4,-9.378708641E-5
0.07775,1.133857739E-4,-9.394240083E-5
0.0778,1.069356481E-4,-9.410089996E-5
0.07785,1.003710144E-4,-9.426242447E-5
0.0779,9.369850403E-5,-9.442681136E-5
0.07795,8.692488903E-5,-9.459389395E-5
0.078,8.005697145E-5,-9.476350462E-5
0.07805,7.310167401E-5,-9.493547257E-5
0.0781,6.606604006E-5,-9.510962383E-5
0.07815,5.895712264E-5,-9.528578397E-5
0.0782,5.178207488E-5,-9.546377593E-5
0.07825,4.454814977E-5,-9.564341993E-5
0.0783,3.726258889E-5,-9.582453632E-5
0.07835,2.993271284E-5,-9.600694329E-5
0.0784,2.256592066E-5,-9.619045686E-5
0.07845,1.516957853E-5,-9.637489372E-5
0.0785,7.75111006E-6,-9.656006893E-5
0.07855,3.179956152E-7,-9.674579593E-5
0.0786,-7.122339096E-6,-9.693188935E-5
0.07865,-1.456243276E-5,-9.711816276E-5
0.0787,-2.19947891E-5,-9.730442863E-5
0.07875,-2.941198843E-5,-9.749050121E-5
0.0788,-3.680659729E-5,-9.767619416E-5
0.07885,-4.417117092E-5,-9.786132073E-5
0.0789,-5.149838366E-5,-9.804569692E-5
0.07895,-5.878089067E-5,-9.822913809E-5
0.079,-6.601131831E-5,-9.841145868E-5
0.07905,-7.318244451E-5,-9.859247676E-5
0.0791,-8.028711101E-5,-9.87720118E-5
0.07915,-8.731819532E-5,-9.894988397E-5
0.0792,-9.426862368E-5,-9.912591452E-5
0.07925,-1.011314708E-4,-9.92999282E-5
0.0793,-1.078998626E-4,-9.947175089E-5
0.07935,-1.145669816E-4,-9.964120971E-5
0.0794,-1.211261788E-4,-9.98081358E-5
0.07945,-1.275708818E-4,-9.997236209E-5
0.0795,-1.338945944E-4,-1.001337232E-4
0.07955,-1.400910082E-4,-1.002920584E-4
0.0796,-1.461539101E-4,-1.00447209E-4
0.07965,-1.520771825E-4,-1.005990187E-4
0.0797,-1.578549133E-4,-1.007473361E-4
0.07975,-1.63481304E-4,-1.008920126E-4
0.0798,-1.689506689E-4,-1.010329021E-4
0.07985,-1.742575449E-4,-1.011698641E-4
0.0799,-1.79396599E-4,-1.013027612E-4
0.07995,-1.843626272E-4,-1.014314589E-4
0.08,-1.89150664E-4,-1.015558287E-4
0.08005,-1.937558891E-4,-1.016757457E-4
0.0801,-1.98173626E-4,-1.017910882E-4
0.08015,-2.023994507E-4,-1.01901741E-4
0.0802,-2.064290984E-4,-1.020075925E-4
0.08025,-2.10258461E-4,-1.021085352E-4
0.0803,-2.138836958E-4,-1.022044678E-4
0.08035,-2.173011313E-4,-1.022952935E-4
0.0804,-2.205072641E-4,-1.023809195E-4
0.08045,-2.23498867E-4,-1.024612596E-4
0.0805,-2.262728946E-4,-1.025362325E-4
0.08055,-2.288264789E-4,-1.026057608E-4
0.0806,-2.311570378E-4,-1.026697746E-4
0.08065,-2.332621788E-4,-1.027282083E-4
0.0807,-2.351396951E-4,-1.027810013E-4
0.08075,-2.367876727E-4,-1.028280998E-4
0.0808,-2.382043938E-4,-1.028694552E-4
0.08085,-2.393883325E-4,-1.029050236E-4
0.0809,-2.403382605E-4,-1.029347684E-4
0.08095,-2.410531505E-4,-1.02958658E-4
0.081,-2.415321708E-4,-1.029766659E-4
0.08105,-2.417747907E-4,-1.029887727E-4
0.0811,-2.417806834E-4,-1.029949645E-4
0.08115,-2.415497247E-4,-1.029952321E-4
0.0812,-2.410820929E-4,-1.029895742E-4
0.08125,-2.40378159E-4,-1.029779941E-4
0.0813,-2.394384816E-4,-1.029604999E-4
0.08135,-2.382639269E-4,-1.029371073E-4
0.0814,-2.368555831E-4,-1.029078377E-4
0.08145,-2.352147201E-4,-1.02872717E-4
0.0815,-2.333429095E-4,-1.028317787E-4
0.08155,-2.312419238E-4,-1.027850614E-4
0.0816,-2.289137239E-4,-1.027326083E-4
0.08165,-2.263605628E-4,-1.026744702E-4
0.0817,-2.235848862E-4,-1.026107026E-4
0.08175,-2.20589324E-4,-1.025413658E-4
0.0818,-2.173767919E-4,-1.02466527E-4
0.08185,-2.139503913E-4,-1.023862586E-4
0.0819,-2.10313399E-4,-1.023006371E-4
0.08195,-2.064693691E-4,-1.022097461E-4
0.082,-2.024220315E-4,-1.021136738E-4
0.08205,-1.981752815E-4,-1.020125125E-4
0.0821,-1.937332807E-4,-1.019063614E-4
0.08215,-1.89100355E-4,-1.017953237E-4
0.0822,-1.842809837E-4,-1.016795066E-4
0.08225,-1.792798998E-4,-1.015590241E-4
0.0823,-1.741019873E-4,-1.014339935E-4
0.08235,-1.687522697E-4,-1.013045362E-4
0.0824,-1.6323601E-4,-1.011707796E-4
0.08245,-1.575586074E-4,-1.010328545E-4
0.0825,-1.51725585E-4,-1.00890895E-4
0.08255,-1.457426898E-4,-1.007450409E-4
0.0826,-1.396157883E-4,-1.005954354E-4
0.08265,-1.333508544E-4,-1.004422241E-4
0.0827,-1.26954068E-4,-1.002855583E-4
0.08275,-1.204317115E-4,-1.001255917E-4
0.0828,-1.137901559E-4,-9.996248054E-5
0.08285,-1.070359601E-4,-9.979638597E-5
0.0829,-1.001757662E-4,-9.962747127E-5
0.08295,-9.321628583E-5,-9.945590166E-5
0.083,-8.616439866E-5,-9.928184673E-5
0.08305,-7.90270475E-5,-9.910547785E-5
0.0831,-7.181122464E-5,-9.892696775E-5
0.08315,-6.452406963E-5,-9.874649306E-5
0.0832,-5.717276432E-5,-9.856423164E-5
0.08325,-4.976451898E-5,-9.838036222E-5
0.0833,-4.230666973E-5,-9.819506687E-5
0.08335,-3.480657348E-5,-9.800852838E-5
0.0834,-2.727159387E-5,-9.782092986E-5
0.08345,-1.970919846E-5,-9.763245724E-5
0.0835,-1.212685362E-5,-9.744329656E-5
0.08355,-4.532012214E-6,-9.725363376E-5
0.0836,3.067778851E-6,-9.706365728E-5
0.08365,1.066500402E-5,-9.687355499E-5
0.0837,1.825222656E-5,-9.668351296E-5
0.08375,2.58219376E-5,-9.649371925E-5
0.0838,3.336662733E-5,-9.630436215E-5
0.08385,4.087884011E-5,-9.611562876E-5
0.0839,4.835117594E-5,-9.592770499E-5
0.08395,5.577620475E-5,-9.574077767E-5
0.084,6.314657776E-5,-9.555503181E-5
0.08405,7.045503571E-5,-9.537065034E-5
0.0841,7.769431189E-5,-9.518781656E-5
0.08415,8.485723686E-5,-9.500671154E-5
0.0842,9.193675243E-5,-9.482751373E-5
0.08425,9.892581428E-5,-9.465040139E-5
0.0843,1.058174964E-4,-9.447555005E-5
0.08435,1.126050048E-4,-9.430313205E-5
0.0844,1.1928158E-4,-9.413331909E-5
0.08445,1.258406014E-4,-9.396627953E-5
0.0845,1.322756001E-4,-9.38021781E-5
0.08455,1.385801617E-4,-9.364117836E-5
0.0846,1.4474803E-4,-9.348344005E-5
0.08465,1.507731196E-4,-9.332911879E-5
0.0847,1.566494183E-4,-9.317836854E-5
0.08475,1.623710898E-4,-9.3031339E-5
0.0848,1.679324872E-4,-9.288817527E-5
0.08485,1.733280535E-4,-9.274902035E-5
0.0849,1.785524251E-4,-9.261401255E-5
0.08495,1.836004436E-4,-9.248328518E-5
0.085,1.88467057E-4,-9.235696899E-5
0.08505,1.931474219E-4,-9.223518969E-5
0.0851,1.97636915E-4,-9.211806756E-5
0.08515,2.019310339E-4,-9.200571998E-5
0.0852,2.060254983E-4,-9.189825891E-5
0.08525,2.099162617E-4,-9.179579056E-5
0.0853,2.135994107E-4,-9.169841788E-5
0.08535,2.170712667E-4,-9.16062381E-5
0.0854,2.203283957E-4,-9.151934238E-5
0.08545,2.233675082E-4,-9.143781836E-5
0.0855,2.261855594E-4,-9.136174767E-5
0.08555,2.287797588E-4,-9.129120562E-5
0.0856,2.311474694E-4,-9.122626376E-5
0.08565,2.332863071E-4,-9.11669874E-5
0.0857,2.351941499E-4,-9.111343532E-5
0.08575,2.368690363E-4,-9.106566237E-5
0.0858,2.383092637E-4,-9.102371695E-5
0.08585,2.395133975E-4,-9.098764083E-5
0.0859,2.404801682E-4,-9.095747164E-5
0.08595,2.412085699E-4,-9.093324049E-5
0.086,2.416978658E-4,-9.091497176E-5
0.08605,2.419474709E-4,-9.090268606E-5
0.0861,2.419570833E-4,-9.089639695E-5
0.08615,2.417267133E-4,-9.089611015E-5
0.0862,2.41256517E-4,-9.090182777E-5
0.08625,2.405468763E-4,-9.091354624E-5
0.0863,2.395984389E-4,-9.093125536E-5
0.08635,2.384121116E-4,-9.095493841E-5
0.0864,2.369889675E-4,-9.09845745E-5
0.08645,2.353303478E-4,-9.1020136E-5
0.0865,2.334378618E-4,-9.106158855E-5
0.08655,2.313132812E-4,-9.110889368E-5
0.0866,2.289586353E-4,-9.116200643E-5
0.08665,2.263762161E-4,-9.122087522E-5
0.0867,2.235684717E-4,-9.128544453E-5
0.08675,2.205381011E-4,-9.135565246E-5
0.0868,2.172880581E-4,-9.143143071E-5
0.08685,2.138214446E-4,-9.151270718E-5
0.0869,2.101416046E-4,-9.159940364E-5
0.08695,2.062521274E-4,-9.169143565E-5
0.087,2.021567403E-4,-9.178871522E-5
0.08705,1.978594022E-4,-9.189114847E-5
0.0871,1.93364306E-4,-9.199863558E-5
0.08715,1.886757708E-4,-9.211107346E-5
0.0872,1.837983346E-4,-9.222835344E-5
0.08725,1.787367568E-4,-9.23503612E-5
0.0873,1.734959092E-4,-9.247697949E-5
0.08735,1.680808685E-4,-9.26080858E-5
0.0874,1.624969182E-4,-9.274355233E-5
0.08745,1.567494392E-4,-9.288324873E-5
0.0875,1.508440017E-4,-9.302703975E-5
0.08755,1.447863664E-4,-9.317478526E-5
0.0876,1.385823752E-4,-9.332634293E-5
0.08765,1.322380419E-4,-9.348156601E-5
0.0877,1.257595539E-4,-9.364030324E-5
0.08775,1.191531616E-4,-9.380240164E-5
0.0878,1.124252694E-4,-9.396770422E-5
0.08785,1.055824365E-4,-9.413604995E-5
0.0879,9.863126609E-5,-9.430727654E-5
0.08795,9.157849637E-5,-9.448121816E-5
0.088,8.443100056E-5,-9.465770544E-5
0.08805,7.719567611E-5,-9.483656822E-5
0.0881,6.987953519E-5,-9.501763331E-5
0.08815,6.248970464E-5,-9.520072446E-5
0.0882,5.503331481E-5,-9.538566517E-5
0.08825,4.751758992E-5,-9.557227641E-5
0.0883,3.994984778E-5,-9.576037662E-5
0.08835,3.233738842E-5,-9.594978452E-5
0.0884,2.468758433E-5,-9.614031681E-5
0.08845,1.700788006E-5,-9.633178823E-5
0.0885,9.305680612E-6,-9.65240143E-5
0.08855,1.58844177E-6,-9.67168091E-5
0.0886,-6.136332404E-6,-9.69099853E-5
0.08865,-1.386122014E-5,-9.710335747E-5
0.0887,-2.157874328E-5,-9.729673855E-5
0.08875,-2.92813582E-5,-9.748993968E-5
0.0888,-3.696163681E-5,-9.768277468E-5
0.08885,-4.461217829E-5,-9.787505789E-5
0.0889,-5.22255816E-5,-9.806660345E-5
0.08895,-5.979445866E-5,-9.825722563E-5
0.089,-6.731153444E-5,-9.844674135E-5
0.08905,-7.476954983E-5,-9.863496775E-5
0.0891,-8.216126805E-5,-9.882172235E-5
0.08915,-8.947958603E-5,-9.900682581E-5
0.0892,-9.671744354E-5,-9.919009971E-5
0.08925,-1.038678234E-4,-9.937136653E-5
0.0893,-1.109238629E-4,-9.955045242E-5
0.08935,-1.178787627E-4,-9.972718495E-5
0.0894,-1.24725787E-4,-9.990139311E-5
0.08945,-1.314583743E-4,-1.000729101E-4
0.0895,-1.38070046E-4,-1.00241571E-4
0.08955,-1.445544065E-4,-1.004072128E-4
0.0896,-1.509052535E-4,-1.005696772E-4
0.08965,-1.571164865E-4,-1.007288083E-4
0.0897,-1.631821057E-4,-1.008844526E-4
0.08975,-1.69096323E-4,-1.010364615E-4
0.0898,-1.748534694E-4,-1.011846895E-4
0.08985,-1.804479939E-4,-1.013289939E-4
0.0899,-1.858745735E-4,-1.014692374E-4
0.08995,-1.911280208E-4,-1.016052861E-4
0.09,-1.962032818E-4,-1.017370093E-4
0.09005,-2.010955462E-4,-1.018642821E-4
0.0901,-2.058001537E-4,-1.019869835E-4
0.09015,-2.103125916E-4,-1.021049959E-4
0.0902,-2.14628605E-4,-1.02218208E-4
0.09025,-2.187441016E-4,-1.023265126E-4
0.0903,-2.2265515E-4,-1.024298063E-4
0.09035,-2.263580881E-4,-1.025279924E-4
0.0904,-2.298494282E-4,-1.026209785E-4
0.09045,-2.331258543E-4,-1.027086763E-4
0.0905,-2.361843298E-4,-1.027910046E-4
0.09055,-2.390220026E-4,-1.028678865E-4
0.0906,-2.416362009E-4,-1.029392497E-4
0.09065,-2.440245412E-4,-1.03005029E-4
0.0907,-2.461848321E-4,-1.030651638E-4
0.09075,-2.481150696E-4,-1.031195985E-4
0.0908,-2.498135447E-4,-1.031682845E-4
0.09085,-2.51278746E-4,-1.032111782E-4
0.0909,-2.525093551E-4,-1.032482408E-4
0.09095,-2.535043528E-4,-1.032794409E-4
0.091,-2.542629217E-4,-1.033047522E-4
0.09105,-2.547844403E-4,-1.033241533E-4
0.0911,-2.550685887E-4,-1.033376301E-4
0.09115,-2.551152509E-4,-1.03345174E-4
0.0912,-2.549245096E-4,-1.03346781E-4
0.09125,-2.544967658E-4,-1.033424551E-4
0.0913,-2.538326071E-4,-1.033322053E-4
0.09135,-2.529327783E-4,-1.033160441E-4
0.0914,-2.517983457E-4,-1.032939924E-4
0.09145,-2.504306179E-4,-1.032660771E-4
0.0915,-2.48831103E-4,-1.0323233E-4
0.09155,-2.470015123E-4,-1.031927882E-4
0.0916,-2.44943853E-4,-1.03147496E-4
0.09165,-2.426603209E-4,-1.030965027E-4
0.0917,-2.40153298E-4,-1.030398623E-4
0.09175,-2.374254546E-4,-1.02977636E-4
0.0918,-2.344796485E-4,-1.029098896E-4
0.09185,-2.313189158E-4,-1.028366938E-4
0.0919,-2.279465724E-4,-1.02758126E-4
0.09195,-2.243661131E-4,-1.026742685E-4
0.092,-2.20581201E-4,-1.025852075E-4
0.09205,-2.165957691E-4,-1.024910364E-4
0.0921,-2.124139183E-4,-1.023918528E-4
0.09215,-2.080399063E-4,-1.022877581E-4
0.0922,-2.034782487E-4,-1.021788607E-4
0.09225,-1.987336159E-4,-1.020652725E-4
0.0923,-1.938108223E-4,-1.019471095E-4
0.09235,-1.887149261E-4,-1.018244936E-4
0.0924,-1.834511263E-4,-1.016975507E-4
0.09245,-1.780247507E-4,-1.015664098E-4
0.0925,-1.724413555E-4,-1.014312057E-4
0.09255,-1.667066219E-4,-1.012920767E-4
0.0926,-1.608263435E-4,-1.011491639E-4
0.09265,-1.548065254E-4,-1.010026139E-4
0.0927,-1.486532804E-4,-1.00852576E-4
0.09275,-1.423728159E-4,-1.006992022E-4
0.0928,-1.359715328E-4,-1.005426494E-4
0.09285,-1.294559209E-4,-1.00383077E-4
0.0929,-1.228325458E-4,-1.002206462E-4
0.09295,-1.161081472E-4,-1.00055523E-4
0.093,-1.092895341E-4,-9.988787512E-5
0.09305,-1.023835713E-4,-9.971787196E-5
0.0931,-9.539727746E-5,-9.954568687E-5
0.09315,-8.83377198E-5,-9.937149462E-5
0.0932,-8.121200073E-5,-9.919547101E-5
0.09325,-7.402735519E-5,-9.901779536E-5
0.0933,-6.679104566E-5,-9.883864785E-5
0.09335,-5.951034812E-5,-9.865820918E-5
0.0934,-5.219264944E-5,-9.847666299E-5
0.09345,-4.484534219E-5,-9.829419329E-5
0.0935,-3.747581051E-5,-9.8110984E-5
0.09355,-3.009152729E-5,-9.792722151E-5
0.0936,-2.269994898E-5,-9.774309195E-5
0.09365,-1.530850334E-5,-9.755878091E-5
0.0937,-7.924696957E-6,-9.737447616E-5
0.09375,-5.559896251E-7,-9.719036448E-5
0.0938,6.790252866E-6,-9.700663049E-5
0.09385,1.410660753E-5,-9.682346041E-5
0.0939,2.138566566E-5,-9.66410403E-5
0.09395,2.862008772E-5,-9.645955467E-5
0.094,3.580260475E-5,-9.627918646E-5
0.09405,4.292593251E-5,-9.610011916E-5
0.0941,4.998288274E-5,-9.592253404E-5
0.09415,5.696637129E-5,-9.574660996E-5
0.0942,6.38693209E-5,-9.557252577E-5
0.09425,7.068476581E-5,-9.540045772E-5
0.0943,7.740586553E-5,-9.523057909E-5
0.09435,8.40258073E-5,-9.506306265E-5
0.0944,9.053791023E-5,-9.489807802E-5
0.09445,9.693563885E-5,-9.473579139E-5
0.0945,1.032125054E-4,-9.457636787E-5
0.09455,1.093621737E-4,-9.441996898E-5
0.0946,1.15378472E-4,-9.426675226E-5
0.09465,1.212552956E-4,-9.411687375E-5
0.0947,1.269867093E-4,-9.397048537E-5
0.09475,1.325669612E-4,-9.382773465E-5
0.0948,1.379903835E-4,-9.368876713E-5
0.09485,1.432514956E-4,-9.35537238E-5
0.0949,1.483450167E-4,-9.342274082E-5
0.09495,1.532657665E-4,-9.329595193E-5
0.095,1.580087681E-4,-9.317348596E-5
0.09505,1.625692592E-4,-9.305546645E-5
0.0951,1.669425932E-4,-9.29420142E-5
0.09515,1.711243409E-4,-9.283324467E-5
0.0952,1.751103015E-4,-9.272926772E-5
0.09525,1.788964031E-4,-9.26301901E-5
0.0953,1.824788038E-4,-9.253611289E-5
0.09535,1.85853902E-4,-9.244713127E-5
0.0954,1.890182365E-4,-9.236333701E-5
0.09545,1.919685867E-4,-9.228481592E-5
0.0955,1.947019825E-4,-9.221164764E-5
0.09555,1.972156038E-4,-9.214390814E-5
0.0956,1.995068797E-4,-9.208166721E-5
0.09565,2.015734986E-4,-9.202498823E-5
0.0957,2.034133057E-4,-9.197393072E-5
0.09575,2.050244029E-4,-9.192854781E-5
0.0958,2.064051571E-4,-9.188888609E-5
0.09585,2.075540981E-4,-9.185498807E-5
0.0959,2.084700168E-4,-9.182688981E-5
0.09595,2.091519733E-4,-9.180462062E-5
0.096,2.095991943E-4,-9.17882057E-5
0.09605,2.098111703E-4,-9.177766367E-5
0.0961,2.09787663E-4,-9.177300637E-5
0.09615,2.095286021E-4,-9.177424144E-5
0.0962,2.090341818E-4,-9.178136991E-5
0.09625,2.083048657E-4,-9.179438608E-5
0.0963,2.073412671E-4,-9.181328047E-5
0.09635,2.061442818E-4,-9.183803653E-5
0.0964,2.04715114E-4,-9.186862998E-5
0.09645,2.030551075E-4,-9.190503302E-5
0.0965,2.011658272E-4,-9.194721226E-5
0.09655,1.990490963E-4,-9.199512785E-5
0.0966,1.967069896E-4,-9.204873357E-5
0.09665,1.941417383E-4,-9.210797924E-5
0.0967,1.913558317E-4,-9.217280819E-5
0.09675,1.883520153E-4,-9.224315725E-5
0.0968,1.851331845E-4,-9.231895946E-5
0.09685,1.817024786E-4,-9.240014166E-5
0.0969,1.780632845E-4,-9.248662444E-5
0.09695,1.742191297E-4,-9.257832478E-5
0.097,1.701737753E-4,-9.267515373E-5
0.09705,1.659312192E-4,-9.277701633E-5
0.0971,1.614955886E-4,-9.288381426E-5
0.09715,1.568712327E-4,-9.299544357E-5
0.0972,1.520627249E-4,-9.311179459E-5
0.09725,1.47074755E-4,-9.323275462E-5
0.0973,1.419122212E-4,-9.335820563E-5
0.09735,1.365802321E-4,-9.348802421E-5
0.0974,1.310839979E-4,-9.362208426E-5
0.09745,1.254289222E-4,-9.376025475E-5
0.0975,1.196206034E-4,-9.39023996E-5
0.09755,1.136647255E-4,-9.404838048E-5
0.0976,1.075671495E-4,-9.419805449E-5
0.09765,1.013339142E-4,-9.435127411E-5
0.0977,9.497112664E-5,-9.450788998E-5
0.09775,8.848505305E-5,-9.466774862E-5
0.0978,8.188211949E-5,-9.483069238E-5
0.09785,7.516880155E-5,-9.499656219E-5
0.0979,6.835171517E-5,-9.516519535E-5
0.09795,6.143761695E-5,-9.533642544E-5
0.098,5.443329347E-5,-9.551008514E-5
0.09805,4.734565185E-5,-9.568600395E-5
0.0981,4.018171976E-5,-9.586400816E-5
0.09815,3.294853446E-5,-9.604392367E-5
0.0982,2.565323316E-5,-9.622557368E-5
0.09825,1.830305284E-5,-9.640877874E-5
0.0983,1.090521898E-5,-9.659335948E-5
0.09835,3.46703586E-6,-9.677913441E-5
0.0984,-4.004113829E-6,-9.696591987E-5
0.09845,-1.150088043E-5,-9.715353285E-5
0.0985,-1.901585708E-5,-9.734178873E-5
0.09855,-2.654158016E-5,-9.753050128E-5
0.0986,-3.407064095E-5,-9.771948545E-5
0.09865,-4.159559531E-5,-9.790855514E-5
0.0987,-4.910896422E-5,-9.809752317E-5
0.09875,-5.660334547E-5,-9.828620411E-5
0.0988,-6.407132328E-5,-9.847441199E-5
0.09885,-7.15054707E-5,-9.866196039E-5
0.0989,-7.889848008E-5,-9.884866568E-5
0.09895,-8.624302475E-5,-9.903434357E-5
0.099,-9.353174945E-5,-9.921880887E-5
0.09905,-1.007574507E-4,-9.940188002E-5
0.0991,-1.07912989E-4,-9.958337686E-5
0.09915,-1.14991261E-4,-9.976311997E-5
0.0992,-1.21985212E-4,-9.994093095E-5
0.09925,-1.288879362E-4,-1.00116635E-4
0.0993,-1.35692579E-4,-1.002900583E-4
0.09935,-1.423923431E-4,-1.004610285E-4
0.0994,-1.489805994E-4,-1.00629377E-4
0.09945,-1.554507957E-4,-1.007949373E-4
0.0995,-1.617964565E-4,-1.009575445E-4
0.09955,-1.68011294E-4,-1.01117038E-4
0.0996,-1.740891163E-4,-1.012732598E-4
0.09965,-1.80023827E-4,-1.01426054E-4
0.0997,-1.858095353E-4,-1.015752696E-4
0.09975,-1.914404647E-4,-1.017207585E-4
0.0998,-1.969109512E-4,-1.01862375E-4
0.09985,-2.02215554E-4,-1.019999792E-4
0.0999,-2.073489625E-4,-1.02133434E-4
0.09995,-2.123059954E-4,-1.022626055E-4
