"Time","Subsystem #1|CTLs|Vars|P_POI1","Subsystem #1|CTLs|Vars|Ptot_Area1","Subsystem #1|CTLs|Vars|Q_POI1","Subsystem #1|CTLs|Vars|Qtot_Area1","Subsystem #1|Machines|DG|P_DG","Subsystem #1|Machines|DG|Q_DG","Subsystem #1|Machines|M1|PSTAT1M1","Subsystem #1|Machines|M1|QSTAT1M1"
0.0,0.9263719345,3.677674432,0.8919385077,1.781025516,2.997707494,1.172780592,0.1254477458,0.03865415849
0.0064,0.9285690641,3.67496918,0.8888152237,1.779717628,2.99721897,1.173151246,0.1254429554,0.03861961859
0.0128,0.9377303415,3.676882527,0.8851543685,1.781272005,2.997432707,1.173140743,0.125661292,0.03864412877
0.0192,0.9378166604,3.679881025,0.887235637,1.782890816,2.997963148,1.172775047,0.1257143359,0.03868172864
0.0256,0.9285434771,3.678823963,0.891572766,1.781776687,2.997878033,1.172694883,0.125511331,0.03866922496
0.032,0.926407228,3.6753744,0.8902820413,1.779801074,2.997317375,1.173051022,0.1254069375,0.03862442685
0.0384,0.9352426178,3.675885137,0.8858134904,1.780597682,2.997288408,1.173203087,0.1255936895,0.03863175385
0.0448,0.9392429078,3.679212642,0.8859745079,1.782608965,2.997829301,1.172889216,0.1257316025,0.03867300442
0.0512,0.9315232529,3.679683606,0.8905548617,1.782420474,2.997993723,1.172659309,0.1255855449,0.03868024135
0.0576,0.9254943138,3.676246862,0.8913999452,1.780208569,2.997477014,1.172927034,0.1254045302,0.03863551459
0.064,0.9321958931,3.675191244,0.8869907409,1.780051373,2.997207799,1.173213132,0.1255199417,0.0386228871
0.0704,0.9393588213,3.678234831,0.885216892,1.782088589,2.99765369,1.17301247,0.1257173356,0.03866077477
0.0768,0.9346693598,3.680085052,0.8891135717,1.782822349,2.998031233,1.172680526,0.1256550168,0.03868497381
0.0832,0.9260526194,3.677404169,0.8919199593,1.780860975,2.99766559,1.172804845,0.125436546,0.03865060833
0.0896,0.9291743162,3.6749514,0.8884722327,1.779744589,2.997207618,1.173168117,0.1254548001,0.03861948714
0.096,0.9381578522,3.677126601,0.8850922657,1.781426735,2.997470742,1.173120885,0.1256741352,0.03864713162
0.1024,0.9373417897,3.679972718,0.8875625235,1.782913807,2.997984261,1.172753271,0.1257063981,0.03868299731
0.1088,0.9279704969,3.678585608,0.8917158319,1.781613301,2.997843763,1.172710065,0.1254957403,0.0386661149
0.1152,0.9267933871,3.675239767,0.8899759209,1.779753302,2.997289311,1.173076172,0.1254122267,0.03862277027
0.1216,0.9358623621,3.676086859,0.8856164504,1.780740792,2.997315817,1.173193451,0.1256097388,0.03863427743
0.128,0.9390342993,3.679393529,0.8862179739,1.782695089,2.997863767,1.172862212,0.1257304754,0.03867531676
0.1344,0.930823025,3.679527958,0.8908275786,1.782294506,2.997974199,1.172662349,0.125568933,0.03867828635
0.1408,0.9255728591,3.676020283,0.8911958936,1.780092858,2.997437736,1.172955374,0.1254019873,0.03863259826
0.1472,0.9328926068,3.675310589,0.8866940165,1.780155598,2.997219132,1.173215729,0.1255361162,0.038624447
0.1536,0.9394503411,3.678470179,0.8853333401,1.782220257,2.997694618,1.172985539,0.1257231823,0.03866369092
0.16,0.9339899955,3.680040061,0.8894549679,1.782758575,2.998030258,1.172670996,0.1256407266,0.03868451335
0.1664,0.925801744,3.677135094,0.8918649621,1.7807015,2.997623162,1.172830478,0.1254267121,0.03864707973
0.1728,0.9298115288,3.674960133,0.8881303982,1.779787396,2.997200373,1.173182632,0.125467776,0.03861969024
0.1792,0.9385304891,3.67737407,0.8850626767,1.781580244,2.997510181,1.17309923,0.125685914,0.03865017441
0.1856,0.9368177032,3.680041059,0.8878998712,1.782921275,2.998001691,1.172733307,0.1256970913,0.03868398097
0.192,0.9274444374,3.678335143,0.8918244455,1.781446298,2.997807095,1.172727612,0.1254808495,0.03866283524
0.1984,0.9272377709,3.67512994,0.8896556229,1.779722181,2.997264603,1.173099869,0.1254191418,0.03862144435
0.2048,0.9364482447,3.676301714,0.8854471169,1.780888914,2.997346144,1.173181294,0.1256253222,0.03863695078
0.2112,0.9387617006,3.679557251,0.8864845477,1.7827684,2.997895798,1.172835927,0.1257277776,0.03867743365
0.2176,0.930138474,3.679350621,0.89107601,1.782157528,2.997950933,1.172668223,0.1255522465,0.03867602941
0.224,0.925724387,3.675810606,0.8909642026,1.779990701,2.997400318,1.172983508,0.1254012046,0.03862991804
0.2304,0.9335835749,3.675451209,0.8864153166,1.780270684,2.99723437,1.173215548,0.1255525512,0.0386262588
0.2368,0.9394749946,3.678696881,0.885480557,1.782343703,2.997734785,1.172958121,0.1257275281,0.03866651204
0.2432,0.9332934109,3.679969388,0.8897872961,1.782679654,2.998025036,1.172664156,0.1256256587,0.03868371345
0.2496,0.9256219994,3.676870315,0.8917742704,1.780548903,2.997580662,1.172857218,0.125418358,0.03864361614
0.256,0.9304740994,3.674994975,0.8877931203,1.779845379,2.997197292,1.173194654,0.1254817384,0.03862022047
0.2624,0.9388449615,3.677622702,0.8850658705,1.78173118,2.997550641,1.173075992,0.1256965231,0.03865323108
0.2688,0.9362492156,3.680085157,0.8882443324,1.782912907,2.99801524,1.172715364,0.1256864967,0.03868466469
0.2752,0.9269712193,3.678075322,0.8918974339,1.781277579,2.997768407,1.172747347,0.1254668232,0.03865942577
0.2816,0.927735329,3.675045853,0.8893245522,1.779707821,2.997243487,1.173121875,0.1254275992,0.0386204572
0.288,0.9369948549,3.676527638,0.8853070278,1.781040638,2.997379093,1.173166738,0.1256402919,0.03863974977
0.2944,0.9384274149,3.679702149,0.8867718058,1.782828149,2.99792507,1.172810621,0.125723531,0.03867933204
0.3008,0.9294769004,3.67915324,0.89129725,1.782011001,2.997924161,1.172676877,0.1255356563,0.03867349403
0.3072,0.9259468105,3.675620056,0.8907075464,1.779903187,2.997365146,1.17301114,0.1254021886,0.03862750165
0.3136,0.934262134,3.675611533,0.8861571487,1.780395385,2.997253352,1.173212603,0.1255690798,0.03862830302
0.32,0.9394323657,3.678912908,0.8856573369,1.782457766,2.997773792,1.172930488,0.1257303335,0.03866921695
0.3264,0.9325866342,3.679873426,0.8901069273,1.782586186,2.998015596,1.172660093,0.125609956,0.03868257424
0.3328,0.9255152961,3.676612874,0.8916490503,1.780404921,2.997538538,1.17288478,0.1254115789,0.03864026018
0.3392,0.9311550564,3.675055242,0.8874636285,1.779917776,2.997198393,1.173204067,0.1254965344,0.03862106488
0.3456,0.9390983308,3.677870291,0.8851018848,1.781878184,2.997591736,1.173051393,0.1257058681,0.03865627781
0.352,0.9356415665,3.68010426,0.8885924401,1.782888608,2.998024757,1.172699629,0.1256747078,0.03868503308
0.3584,0.9265561762,3.67780906,0.8919340183,1.781109056,2.997728111,1.172769063,0.1254538185,0.03865592785
0.3648,0.92828048,3.674988086,0.8889861379,1.779710216,2.99722616,1.173141974,0.1254374996,0.03861981178
0.3712,0.9374972239,3.676762455,0.8851974039,1.781194619,2.997414333,1.173149936,0.1256545083,0.0386426482
0.3776,0.9380342249,3.679826754,0.8870771132,1.782873625,2.997951278,1.172786547,0.1257177697,0.03868099376
0.384,0.9288455915,3.678937778,0.8914888049,1.78185646,2.997894156,1.172688227,0.1255193353,0.03867070515
0.3904,0.9262374262,3.675450637,0.8904287488,1.77983112,2.997332581,1.173037982,0.1254049237,0.03862537521
0.3968,0.9349218257,3.675789823,0.8859218838,1.780528446,2.997275882,1.173206929,0.1255855378,0.03863055668
0.4032,0.939322687,3.679116283,0.8858621375,1.782561393,2.99781126,1.172902905,0.1257315736,0.0386717816
0.4096,0.9318769294,3.679752844,0.890410306,1.78247896,2.998002021,1.172658858,0.1255937697,0.03868110094
0.416,0.9254826975,3.676365721,0.8914908501,1.780271139,2.997497228,1.172912877,0.1254064534,0.03863705213
0.4224,0.9318475275,3.675140028,0.8871450144,1.78000365,2.997203639,1.173210795,0.1255120049,0.03862220867
0.4288,0.9392882214,3.678114595,0.8851705131,1.782020012,2.997633063,1.173025673,0.1257138653,0.03865928922
0.4352,0.9350005008,3.680097889,0.8889406013,1.782848376,2.99803013,1.172686267,0.1256618287,0.03868507646
0.4416,0.926203944,3.677539346,0.8919338053,1.780942728,2.997686635,1.17279253,0.125441983,0.03865238326
0.448,0.9288672894,3.674956955,0.8886437856,1.779729097,2.997212785,1.173159967,0.1254487278,0.03861951016
0.4544,0.9379507182,3.677003996,0.8851192795,1.781349445,2.997451525,1.173131051,0.1256678396,0.0386456236
0.4608,0.9375856266,3.679929719,0.8873975847,1.782904241,2.997974151,1.172763947,0.1257105426,0.03868239782
0.4672,0.9282514944,3.678706455,0.8916485202,1.781695581,2.997861223,1.172702166,0.1255034581,0.03866769386
0.4736,0.9265927425,3.67530405,0.8901309524,1.779775132,2.99730294,1.173063764,0.1254093744,0.03862355831
0.48,0.9355563463,3.675984235,0.8857116211,1.780668517,2.997301729,1.173198591,0.1256017627,0.03863299646
0.4864,0.9391467037,3.679305138,0.8860932197,1.782653558,2.997846819,1.172875639,0.1257312358,0.0386741839
0.4928,0.9311716445,3.679608599,0.8906940674,1.782358927,2.997984441,1.172660473,0.1255772594,0.0386793022
0.4992,0.9255244041,3.676131617,0.8913015178,1.780149076,2.997457167,1.172941211,0.12540304,0.03863402861
0.5056,0.9325445723,3.675248164,0.8868402717,1.780102056,2.997212968,1.173214778,0.1255279863,0.03862363333
0.512,0.9394128815,3.678353453,0.8852712308,1.782155385,2.997674224,1.172999082,0.1257204438,0.03866224325
0.5184,0.9343322696,3.680065775,0.8892851809,1.782792391,2.998031279,1.172675429,0.1256479771,0.03868478577
0.5248,0.9259184507,3.677269281,0.8918969647,1.780780499,2.997644412,1.172817508,0.125431451,0.03864883869
0.5312,0.9294893234,3.67495246,0.8883009612,1.779764067,2.997203477,1.173175678,0.1254611552,0.03861954751
0.5376,0.9383512431,3.677250043,0.8850733797,1.781503737,2.997490311,1.173110268,0.1256801641,0.03864864965
0.544,0.9370856236,3.680009864,0.8877301006,1.782919516,2.99799345,1.172743049,0.1257019111,0.03868352612
0.5504,0.9277012082,3.678461728,0.8917745219,1.781530126,2.997825706,1.172718553,0.1254881971,0.03866449387
0.5568,0.9270086282,3.6751817,0.8898173395,1.779735631,2.997276521,1.173088218,0.1254154859,0.03862206584
0.5632,0.9361598847,3.67619278,0.8855282141,1.780814306,2.997330633,1.17318768,0.1256175982,0.03863559689
0.5696,0.9389058311,3.679477641,0.8863485095,1.782733396,2.997880109,1.172848962,0.1257293218,0.03867640064
0.576,0.9304783365,3.679441908,0.8909550065,1.782227297,2.997963019,1.172664935,0.1255605889,0.03867719422
0.5824,0.9256396269,3.675913181,0.8910833531,1.780040014,2.99741877,1.172969484,0.125401375,0.03863122623
0.5888,0.9332392346,3.675378327,0.8865522092,1.780211868,2.997226273,1.173215986,0.1255443115,0.03862532208
0.5952,0.9394710762,3.678584727,0.8854031857,1.782283096,2.997714822,1.172971874,0.1257255457,0.03866511467
0.6016,0.9336434056,3.680007906,0.8896225047,1.782720996,2.998028177,1.172667233,0.1256332808,0.03868415653
0.608,0.9257028313,3.677001972,0.8918240306,1.780624243,2.997601891,1.172843728,0.1254223437,0.03864533768
0.6144,0.9301400481,3.674974333,0.8879610056,1.779814527,2.99719831,1.173188962,0.1254746429,0.03861991608
0.6208,0.9386952165,3.677498391,0.885060168,1.781656104,2.997530308,1.173087795,0.1256913709,0.03865170274
0.6272,0.9365387141,3.680066193,0.8880714269,1.782919074,2.998008959,1.172724072,0.1256919498,0.03868436095
0.6336,0.9272008596,3.67820623,0.8918654676,1.781362019,2.997787979,1.172737217,0.1254737182,0.03866114411
0.64,0.9274802747,3.675084637,0.8894912215,1.779712899,2.997253583,1.173111098,0.1254231838,0.03862090729
0.6464,0.9367268038,3.676413426,0.8853733376,1.780964411,2.997362311,1.173174307,0.1256328929,0.03863833597
0.6528,0.938602091,3.679632136,0.8866257413,1.782800032,2.997910798,1.172823136,0.125725846,0.03867841123
0.6592,0.9298043563,3.679254312,0.8911901888,1.782085377,2.997937968,1.172672208,0.1255439285,0.03867479524
0.6656,0.9258268789,3.675712798,0.8908388472,1.779945078,2.997382429,1.172997403,0.1254014759,0.03862867524
0.672,0.9339248292,3.675529009,0.8862835021,1.78033192,2.997243405,1.17321442,0.1255608141,0.03862725353
0.6784,0.9394620959,3.67880636,0.885565345,1.782401966,2.997754456,1.172944316,0.1257291251,0.03866788133
0.6848,0.9329408377,3.679924538,0.8899489351,1.782634685,2.99802084,1.172661773,0.1256178773,0.03868318572
0.6912,0.9255594256,3.676740501,0.8917158929,1.780475717,2.997559525,1.172870914,0.1254147663,0.03864192271
0.6976,0.9308126853,3.675021987,0.8876272155,1.779879822,2.997197321,1.173199692,0.1254890422,0.03862060413
0.704,0.9389794308,3.677746772,0.8850797791,1.781805247,2.997571134,1.173063848,0.1257013594,0.03865475667
0.7104,0.9359499384,3.680097863,0.8884181709,1.782902759,2.998020509,1.17270721,0.1256807453,0.03868488889
0.7168,0.9267561252,3.677942806,0.8919203086,1.781193168,2.997748435,1.172757969,0.1254601836,0.03865768449
0.7232,0.9280023381,3.675013646,0.8891560349,1.779706944,2.997234338,1.173132177,0.1254323761,0.03862009122
0.7296,0.937251842,3.676644059,0.8852483431,1.781117453,2.997396446,1.173158608,0.1256475025,0.03864118834
0.736,0.9382379439,3.67976708,0.8869223848,1.782852706,2.997938576,1.172798413,0.1257208366,0.03868019432
0.7424,0.9291570158,3.679047632,0.8913969012,1.781934644,2.997909545,1.172682221,0.1255274511,0.03867212973
0.7488,0.9260837847,3.675532599,0.8905707446,1.779865168,2.997348517,1.173024677,0.1254033388,0.03862640171
0.7552,0.9345947591,3.675698555,0.886036504,1.780460937,2.997264187,1.173210104,0.1255773279,0.0386294054
0.7616,0.9393858539,3.679016304,0.8857563474,1.782510941,2.997792741,1.172916674,0.1257311505,0.03867051821
0.768,0.9322316752,3.679816167,0.890260837,1.782534222,2.99800932,1.172659119,0.1256019135,0.03868187841
0.7744,0.9254897405,3.676487836,0.8915739317,1.780336651,2.997517753,1.172898781,0.1254088059,0.03863863454
0.7808,0.9315002643,3.675094634,0.8873027768,1.779959084,2.9972005,1.173207771,0.1255041954,0.0386216001
0.7872,0.9392013216,3.677992983,0.8851321448,1.781949835,2.997612396,1.173038657,0.1257100398,0.03865778902
0.7936,0.9353248418,3.680104275,0.888766749,1.782870488,2.998027967,1.172692642,0.1256683974,0.03868509632
0.8,0.9263719694,3.677674432,0.8919385049,1.781025516,2.997707494,1.172780592,0.1254477458,0.03865415849
0.8064,0.9285690641,3.67496918,0.8888152237,1.779717628,2.99721897,1.173151246,0.1254429554,0.0386196186
0.8128,0.9377303415,3.676882527,0.8851543685,1.781272005,2.997432707,1.173140743,0.125661292,0.03864412876
0.8192,0.9378166411,3.679881025,0.8872356314,1.782890816,2.997963148,1.172775047,0.1257143359,0.03868172864
0.8256,0.9285434771,3.678823963,0.891572766,1.781776687,2.997878033,1.172694883,0.125511331,0.03866922496
0.832,0.9264072341,3.6753744,0.8902820493,1.779801074,2.997317375,1.173051022,0.1254069375,0.03862442685
0.8384,0.9352426244,3.675885137,0.8858134828,1.780597682,2.997288408,1.173203087,0.1255936895,0.03863175386
0.8448,0.9392429078,3.679212642,0.8859745079,1.782608965,2.997829301,1.172889216,0.1257316024,0.03867300442
0.8512,0.9315232658,3.679683606,0.8905548498,1.782420474,2.997993723,1.172659309,0.1255855449,0.03868024135
0.8576,0.9254943196,3.676246862,0.891399937,1.780208569,2.997477014,1.172927034,0.1254045302,0.0386355146
0.864,0.9321958584,3.675191244,0.8869907447,1.780051373,2.997207799,1.173213132,0.1255199417,0.0386228871
0.8704,0.9393588063,3.678234831,0.8852168786,1.782088589,2.99765369,1.17301247,0.1257173356,0.03866077477
0.8768,0.93466938,3.680085052,0.8891135718,1.782822349,2.998031233,1.172680526,0.1256550168,0.03868497382
0.8832,0.9260526184,3.677404169,0.8919199544,1.780860975,2.99766559,1.172804845,0.125436546,0.03865060833
0.8896,0.9291743003,3.6749514,0.8884722182,1.779744589,2.997207618,1.173168117,0.1254548001,0.03861948714
0.896,0.9381578479,3.677126601,0.8850922748,1.781426735,2.997470742,1.173120885,0.1256741352,0.03864713162
0.9024,0.9373418217,3.679972718,0.8875625085,1.782913807,2.997984261,1.172753271,0.1257063981,0.0386829973
0.9088,0.9279704969,3.678585608,0.8917158319,1.781613301,2.997843763,1.172710065,0.1254957403,0.03866611491
0.9152,0.9267934069,3.675239767,0.8899759172,1.779753302,2.997289311,1.173076172,0.1254122267,0.03862277026
0.9216,0.9358623683,3.676086859,0.8856164425,1.780740792,2.997315817,1.173193451,0.1256097388,0.03863427743
0.928,0.9390342994,3.679393529,0.8862179751,1.782695089,2.997863767,1.172862212,0.1257304754,0.03867531677
0.9344,0.93082302,3.679527958,0.8908275981,1.782294506,2.997974199,1.172662349,0.125568933,0.03867828634
0.9408,0.925572904,3.676020283,0.8911959043,1.780092858,2.997437736,1.172955374,0.1254019873,0.03863259826
0.9472,0.9328926064,3.675310589,0.886694014,1.780155598,2.997219132,1.173215729,0.1255361162,0.038624447
0.9536,0.9394503415,3.678470179,0.8853333376,1.782220257,2.997694618,1.172985539,0.1257231823,0.03866369092
0.96,0.9339900165,3.680040061,0.8894549844,1.782758575,2.998030258,1.172670996,0.1256407266,0.03868451336
0.9664,0.9258017246,3.677135094,0.8918649567,1.7807015,2.997623162,1.172830478,0.1254267121,0.03864707973
0.9728,0.9298115287,3.674960133,0.8881303995,1.779787396,2.997200373,1.173182632,0.125467776,0.03861969023
0.9792,0.9385305191,3.67737407,0.8850626725,1.781580244,2.997510181,1.17309923,0.125685914,0.03865017442
0.9856,0.9368176966,3.680041059,0.8878998789,1.782921275,2.998001691,1.172733307,0.1256970913,0.03868398097
0.992,0.9274444546,3.678335143,0.8918244349,1.781446298,2.997807095,1.172727612,0.1254808495,0.03866283524
0.9984,6.57247613,1.225970549,-13.4709123,0.01324613608,2.185779054,1.698298448,0.06763823491,-0.4488878628
1.0048,3.668692163,0.1320040766,-0.4704377392,0.006793963369,1.371960035,4.672380251,0.02283351274,0.1491944397
1.0112,0.004850043055,0.08450159957,0.01446836044,0.002817739565,0.8888940812,3.869724627,0.03125552263,0.009654531799
1.0176,1.23802707,2.625778752,-19.75823029,0.002951958546,0.4225111129,5.832097231,0.191126209,-0.2507376676
1.024,5.07161082,2.66038076,-6.726004172,0.002094681612,0.1927019786,5.45084668,0.1815033496,0.05676208847
1.0304,-1.460039338,0.6849271784,-6.170858455,0.00124981178,0.4413576324,4.741377619,-0.08017172758,-0.07395457913
1.0368,0.009510138216,-0.2368966365,-0.5224869497,0.002631651435,0.3113803149,6.30703515,-0.0535674668,0.02836373378
1.0432,1.255395445,2.214669027,1.953677276,0.00236685333,0.4583638846,5.662925812,0.2285380371,-0.02224664936
1.0496,8.371372351,4.619277017,-21.04089348,0.002702024428,0.2913202045,6.434992966,0.2924981457,-0.1696650622
1.056,3.97187579,2.975908487,-7.808525656,0.002669807081,0.4367001132,6.133720761,0.07782554941,-0.02654180817
1.0624,-4.513583221,0.2922307709,-5.39295741,0.001864533989,0.4774555477,5.776941886,-0.114370153,-0.01827944137
1.0688,0.01044821619,0.1469225947,0.1006832074,0.001913813826,0.610547483,6.562739113,0.02538825741,-0.007458961143
1.0752,0.5911899919,1.698988826,-1.283724309,0.001426385113,0.5847755209,6.292710419,0.1785093446,-0.04051688625
1.0816,4.033569502,4.089107235,-4.597786916,0.5756912635,1.273802766,5.400659598,0.3655526142,0.1516163731
1.088,-4.605646422,2.393304262,4.036072343,1.154286394,2.483346242,3.35352782,0.0942182786,0.2325811144
1.0944,-4.394374283,2.533731626,5.39484867,0.96860897,3.816523499,1.456695737,0.2107658074,0.1952302485
1.1008,-4.248684084,2.352985216,4.450263205,1.111976469,4.703477772,0.1911109393,0.1746241488,0.1820291493
1.1072,-4.164342302,2.36325505,4.731759123,1.122777599,5.252345743,-0.6890645245,0.2134112611,0.1517856542
1.1136,-3.81637985,2.394210343,3.908280703,1.132745683,5.658363259,-1.285164081,0.2045059424,0.172889888
1.12,-2.832281874,2.482088705,2.810064686,1.177110827,5.758077548,-1.401364016,0.1758560641,0.1402959787
1.1264,-2.217193558,2.596351114,2.292885145,1.240085153,5.654035704,-1.315712778,0.1853797062,0.1261234026
1.1328,-0.8836213607,2.69479968,1.023739176,1.287021974,5.340148386,-0.9771540517,0.1580512585,0.1226520816
1.1392,0.6763308845,2.792919002,0.2489131495,1.334027904,4.687849373,-0.4089790631,0.1436120223,0.09367702674
1.1456,1.957916877,2.864478444,-0.295782157,1.365791356,3.868953343,0.1610994028,0.1423749427,0.08649378257
1.152,3.621573694,2.937320031,-0.9182502462,1.403314583,2.885840725,0.7558754083,0.1257894769,0.0758471913
1.1584,4.523844824,3.018710282,-0.8719122762,1.45501137,1.832049711,1.26489809,0.1288148781,0.06255975962
1.1648,4.777142221,3.070340418,-0.840377832,1.483196408,0.9551992245,1.623240315,0.130120221,0.06283070375
1.1712,4.738704145,3.120623093,-0.7233108229,1.506741987,0.2798080308,1.887040441,0.127872155,0.05615568432
1.1776,3.806989285,3.161359076,-0.3241793815,1.528142424,-0.04756988913,1.997745489,0.1345854826,0.05263916896
1.184,2.740766211,3.19607446,0.001312642154,1.550627887,0.02587693485,1.983565638,0.1331947595,0.05341096839
1.1904,1.42625612,3.229863737,0.6185081644,1.572773381,0.4035376068,1.854932966,0.1320281487,0.04987101385
1.1968,0.01754541214,3.235048437,1.283931041,1.572431946,1.069208678,1.580319019,0.1311121435,0.04845460884
1.2032,-0.9451163806,3.235398584,1.831516536,1.567895041,1.869807485,1.223179434,0.1260189335,0.04577442975
1.2096,-1.787996105,3.238351376,2.441119274,1.570433234,2.702028142,0.793336785,0.1242281237,0.04261533662
1.216,-2.269509739,3.244951439,2.784421432,1.573809032,3.491904165,0.3472339334,0.122081293,0.04262215221
1.2224,-2.435952258,3.261185497,2.98190194,1.579557794,4.139708188,-0.03583556415,0.1203341107,0.04206882643
1.2288,-2.418996938,3.277752603,2.965893515,1.582937809,4.636963855,-0.3388468962,0.1209563766,0.04191837249
1.2352,-2.07312507,3.307728109,2.649433668,1.595809015,4.954820704,-0.506921384,0.1211630807,0.04309711294
1.2416,-1.595712092,3.349861938,2.29375554,1.618133223,5.078377054,-0.5322699723,0.1221232071,0.04416332622
1.248,-0.9539013524,3.390838364,1.798698885,1.636707543,5.024757689,-0.4256927989,0.1230795954,0.04551258356
1.2544,-0.1231235358,3.432923055,1.24734031,1.654840506,4.787368072,-0.1900812779,0.1234041448,0.04618483719
1.2608,0.7066665835,3.472688405,0.7731165704,1.673915953,4.399514561,0.1231957701,0.1243051541,0.04599542817
1.2672,1.529321711,3.511295618,0.3501436342,1.694673453,3.904613352,0.4776173144,0.1250628951,0.04604411719
1.2736,2.19794505,3.546141547,0.08948189961,1.713453921,3.346358317,0.8361914437,0.1258695086,0.04566211875
1.28,2.603669113,3.570649153,-0.04561752482,1.725590611,2.803984328,1.152953445,0.1270294849,0.04477390973
1.2864,2.782331167,3.591004809,-0.08646414832,1.736627616,2.339200515,1.409926696,0.1280373987,0.04396327939
1.2928,2.646272151,3.608947497,0.01896318245,1.748380641,2.006156662,1.587568206,0.1289499261,0.04325017527
1.2992,2.266587494,3.619947449,0.1972686934,1.755398714,1.844899053,1.678389321,0.1292721206,0.04263067616
1.3056,1.744823903,3.624879654,0.4402597688,1.758162246,1.853880371,1.689165489,0.12889844,0.04186219172
1.312,1.134259253,3.624635463,0.7294838858,1.758233611,2.020199255,1.621812222,0.1281735579,0.04090053769
1.3184,0.5624941353,3.622859518,1.005854409,1.75777579,2.305638902,1.493838032,0.1270808173,0.0401426679
1.3248,0.06442397483,3.620219352,1.269903313,1.75628604,2.65755806,1.326431955,0.1258588135,0.03953643549
1.3312,-0.3064891854,3.616017859,1.461143081,1.752860871,3.030263704,1.141880861,0.1247836347,0.03903696607
1.3376,-0.5052652429,3.614980413,1.554721475,1.751123324,3.376194959,0.9695811764,0.1240492712,0.03884941577
1.344,-0.5609406913,3.619113143,1.564685431,1.752509644,3.66171674,0.8300073557,0.1237413928,0.03898753731
1.3504,-0.4669755912,3.626920555,1.473722153,1.755376116,3.863625641,0.74172095,0.1236636828,0.03938181737
1.3568,-0.2440805517,3.637461544,1.309381793,1.759401522,3.965978212,0.7162572323,0.1237733913,0.03986102098
1.3632,0.07436060691,3.650415741,1.092317105,1.764992479,3.968197724,0.752272828,0.1240993741,0.04029770553
1.3696,0.4639600908,3.66608064,0.8479923316,1.772545133,3.875814845,0.8444057145,0.1245342529,0.0407080893
1.376,0.8645784043,3.682103832,0.6209258982,1.780443656,3.703442099,0.9786775473,0.1249910276,0.04097981247
1.3824,1.237297649,3.695751838,0.4221123158,1.787095589,3.475574477,1.137056839,0.1254600202,0.04102408346
1.3888,1.546319173,3.70763953,0.2717238799,1.793362038,3.219964161,1.301958666,0.1260005594,0.04091384866
1.3952,1.74688572,3.718193342,0.1855232916,1.799500559,2.969135764,1.454758553,0.1265861602,0.04071358992
1.4016,1.825261872,3.726070442,0.1581257273,1.804213246,2.752902463,1.582043771,0.1270466612,0.04044754328
1.408,1.778631325,3.730304571,0.1890689109,1.806900937,2.594147012,1.674640104,0.12731457,0.04011201431
1.4144,1.626563222,3.731604711,0.2647541056,1.808183896,2.50876643,1.726939949,0.1274163407,0.03973680558
1.4208,1.40331259,3.731587827,0.371927907,1.808893781,2.500444879,1.739255731,0.1273319275,0.03939274364
1.4272,1.136484066,3.730139144,0.5001913822,1.808512902,2.562708209,1.715158518,0.1270213251,0.03907221638
1.4336,0.8678337953,3.726561134,0.6266158584,1.806555519,2.680929822,1.662199065,0.1265270595,0.03876048496
1.44,0.6336996366,3.722504623,0.7361221202,1.804310246,2.834481968,1.59085009,0.126013753,0.03852263939
1.4464,0.4554868355,3.720011577,0.8170407321,1.802925659,3.00182675,1.512098042,0.1255978787,0.03841359592
1.4528,0.3476929164,3.719237642,0.8592052141,1.802108349,3.161593518,1.437904578,0.1252558907,0.03842473767
1.4592,0.3136459352,3.719322487,0.86022958,1.801411032,3.295533216,1.378647981,0.1249880518,0.03851401018
1.4656,0.3542976363,3.720700483,0.8190229056,1.80149868,3.390931989,1.341777061,0.1248746692,0.03867361513
1.472,0.46091238,3.724623836,0.7441992917,1.803203058,3.4401081,1.331653875,0.124940324,0.03890652542
1.4784,0.6125547607,3.730546852,0.6491977553,1.805888419,3.441172883,1.348558256,0.1250984617,0.0391506744
1.4848,0.7899858357,3.736363325,0.5438828804,1.808353183,3.397400351,1.389677498,0.1252649295,0.03932766825
1.4912,0.973803681,3.741616321,0.4408456296,1.810791768,3.316767043,1.449335073,0.1254797396,0.03943286405
1.4976,1.143261735,3.747152117,0.3516929137,1.813832422,3.211453627,1.519709778,0.1257855139,0.03949302935
1.504,1.277678861,3.752748646,0.2853817215,1.816987927,3.095406034,1.592721786,0.1261022377,0.0394987891
1.5104,1.360539045,3.756680177,0.2468692036,1.819081713,2.982851405,1.660703105,0.1263290231,0.03941644898
1.5168,1.388503476,3.758297167,0.2351267072,1.820075927,2.886902861,1.717281405,0.1264773489,0.03926517137
1.5232,1.36525621,3.758891649,0.2486622002,1.820885985,2.817775707,1.75797456,0.1265993359,0.03910509523
1.5296,1.296042942,3.759267014,0.2843517626,1.821605907,2.781674056,1.780336556,0.1266614829,0.03895321564
1.536,1.191568056,3.758364948,0.3350162798,1.821278717,2.779836574,1.784418833,0.1265764833,0.03877844666
1.5424,1.069213249,3.755591178,0.3920617106,1.819806258,2.809086343,1.772311258,0.1263688932,0.03858863128
1.5488,0.9485699754,3.752288855,0.447052927,1.818243033,2.86305609,1.747573425,0.1261532318,0.03843850811
1.5552,0.8436925784,3.749957428,0.4939913841,1.817255297,2.932918708,1.714958245,0.1259730094,0.03835839053
1.5616,0.7623105166,3.748256065,0.5280388728,1.816242188,3.008614665,1.679794617,0.1257796965,0.03831934643
1.568,0.7121397888,3.746108948,0.5439849252,1.814719883,3.080314412,1.647390505,0.1255673875,0.03829612735
1.5744,0.699104271,3.744168815,0.5399921941,1.813464839,3.139787982,1.622205778,0.1254262055,0.03831467186
1.5808,0.7220909983,3.743796319,0.518356886,1.813275895,3.181188179,1.60729769,0.1254084026,0.03839429892
1.5872,0.7730477136,3.744857966,0.4835019339,1.813731542,3.201067248,1.604312559,0.1254505296,0.03849987947
1.5936,0.8423951684,3.745817764,0.4397701193,1.813889293,3.198571553,1.613361597,0.1254827092,0.03857884284
1.6,0.9229698215,3.746188672,0.3913625675,1.813846959,3.175650915,1.632994693,0.1255383723,0.03862683499
1.6064,1.006355867,3.746929465,0.3441881484,1.814352687,3.136643968,1.660481375,0.1256711661,0.03867017954
1.6128,1.080698979,3.74842411,0.3044793929,1.815377143,3.087416369,1.692336154,0.1258447595,0.03870696705
1.6192,1.135387781,3.749427118,0.2758143766,1.815945536,3.034390119,1.724975922,0.1259683209,0.03870084197
1.6256,1.16631412,3.748943879,0.259016263,1.815672822,2.983955427,1.755062609,0.1260302021,0.03864248363
1.632,1.17418744,3.747640269,0.2539727372,1.815204158,2.941942598,1.7797242,0.1260899947,0.03856570943
1.6384,1.159803845,3.746543973,0.2606519783,1.815048664,2.912760031,1.796916024,0.1261574169,0.03850014128
1.6448,1.124015996,3.745355076,0.2777332076,1.814689299,2.89870931,1.805697409,0.126167029,0.03843477013
1.6512,1.072401931,3.742996074,0.3011795784,1.813461178,2.899926869,1.806265601,0.1260843084,0.03834817182
1.6576,1.015026475,3.739705005,0.3262345317,1.81176622,2.914824816,1.79968645,0.1259705109,0.03825814378
1.664,0.9604817092,3.736752446,0.3496977514,1.810434579,2.940475066,1.78763251,0.1258881973,0.03820085442
1.6704,0.9129705516,3.734647322,0.3697441393,1.80953296,2.972819373,1.77229369,0.1258177461,0.03818414631
1.6768,0.8754715307,3.732526732,0.3840249546,1.808350687,3.007163689,1.756175322,0.1257110257,0.03818041865
1.6832,0.8529481785,3.729889707,0.3896683635,1.806767466,3.039051173,1.741665125,0.1255950942,0.03817603682
1.6896,0.8489376741,3.727593313,0.3858672273,1.805523956,3.064923784,1.730627618,0.1255393642,0.03819101893
1.696,0.8615311584,3.726498948,0.3746617763,1.805075058,3.082278524,1.724280422,0.12555128,0.03824182525
1.7024,0.8852011671,3.726064906,0.3586615515,1.804858448,3.089631207,1.723262008,0.1255685955,0.03830665466
1.7088,0.916125735,3.72519065,0.3390778465,1.804225032,3.086702989,1.72758288,0.1255645382,0.03835067366
1.7152,0.9524741411,3.723980413,0.317132661,1.803486349,3.074626192,1.736501853,0.125587085,0.03837329534
1.7216,0.9902329736,3.723343478,0.2958765842,1.803302025,3.055666161,1.748658815,0.1256663717,0.03839937146
1.728,1.022400925,3.723356075,0.2790015776,1.803527166,3.032601523,1.762446467,0.1257552311,0.03843400397
1.7344,1.043872445,3.722898922,0.2679214125,1.803316457,3.008288451,1.776315999,0.1257942594,0.03844776465
1.7408,1.05473597,3.721480835,0.2618455959,1.80251921,2.985578371,1.78882046,0.125803262,0.03842591344
1.7472,1.056551046,3.719912881,0.2604871204,1.801819391,2.967120086,1.798645362,0.1258339559,0.0383932014
1.7536,1.048569308,3.718924276,0.2648183911,1.801601477,2.954838485,1.804852285,0.1258766666,0.03837910743
1.76,1.029873223,3.71792232,0.274671236,1.801243838,2.949532856,1.807120963,0.1258710229,0.03837310705
1.7664,1.004087511,3.716036062,0.2871782506,1.800194021,2.951032447,1.80568429,0.1258099096,0.03834727883
1.7728,0.9775370779,3.713726348,0.2993280294,1.798951105,2.958574237,1.801064074,0.1257547901,0.03830997991
1.7792,0.9536505564,3.7120793,0.3104289842,1.798261925,2.97086169,1.793986169,0.1257369472,0.03829727157
1.7856,0.9322487278,3.711129486,0.3208207336,1.797941073,2.985969338,1.785472271,0.1257133312,0.03831837201
1.792,0.9145833001,3.709856156,0.3289268021,1.797195424,3.001619305,1.776760119,0.1256484332,0.0383396037
1.7984,0.9048722867,3.708104912,0.3322510348,1.796093143,3.015803922,1.768945154,0.1255867934,0.03834383023
1.8048,0.9051865271,3.706871958,0.3307150279,1.795454719,3.027079735,1.762753342,0.1255807896,0.03835732902
1.8112,0.912574551,3.706688448,0.3267245157,1.795526041,3.034400588,1.758645028,0.1256073992,0.03840484365
1.8176,0.9232188504,3.706640072,0.3216300477,1.795498567,3.03703076,1.756943758,0.1256069516,0.038460446
1.824,0.9371215287,3.705957574,0.3145399787,1.794946647,3.034866027,1.757680711,0.1255890671,0.03848779795
1.8304,1.187895106,3.715159608,0.1749295232,1.815340029,3.017413582,1.771045116,0.1294862619,0.03802286418
1.8368,1.138862078,3.687320959,0.1699669172,1.786775186,2.956559871,1.807615603,0.1275190128,0.03785610706
1.8432,1.103715607,3.689150713,0.1971142325,1.787735836,2.920549215,1.827883484,0.1257082436,0.03836562016
1.8496,1.041984438,3.687860809,0.2337356629,1.786771984,2.906550022,1.834018686,0.1244312094,0.0382142958
1.856,0.9906757958,3.685199709,0.2598571983,1.784976833,2.910492619,1.830429073,0.1244402599,0.03803102545
1.8624,0.9430836046,3.684366476,0.2894825379,1.784828998,2.927419491,1.819342708,0.124834886,0.0381513613
1.8688,0.8973144448,3.685263927,0.3157222708,1.78572528,2.954343194,1.802480321,0.1253148068,0.03818482672
1.8752,0.8622584307,3.685156751,0.3368268011,1.785455868,2.983856501,1.784683814,0.1256556449,0.03840427051
1.8816,0.8375001643,3.68245138,0.350916185,1.783360385,3.011716803,1.767627194,0.1255841735,0.03849457914
1.888,0.7946777793,3.68324632,0.3800128533,1.782552218,3.042463303,1.747769302,0.1249156788,0.03870232023
1.8944,0.7918823519,3.688630623,0.3921943872,1.785733691,3.072007423,1.728201337,0.1248908624,0.03890671897
1.9008,0.8129154402,3.692932936,0.3874133383,1.788068317,3.092073308,1.713819431,0.125147277,0.03894931293
1.9072,0.8603405199,3.695549391,0.3661863284,1.789221371,3.096951474,1.708485507,0.1255306528,0.0390035025
1.9136,0.9205131563,3.697432573,0.3387277745,1.790154773,3.085924322,1.711936128,0.1258043728,0.03903504175
1.92,0.9868238881,3.699881982,0.307321113,1.79169634,3.061822204,1.722559935,0.1260124937,0.03902610904
1.9264,1.04577959,3.702509231,0.2824192467,1.793305638,3.027834829,1.738394944,0.1260843745,0.03906024128
1.9328,1.086436746,3.703659621,0.2663237352,1.793816955,2.989541593,1.755997387,0.1260012875,0.03900946865
1.9392,1.113225704,3.703750559,0.2560904946,1.793785891,2.952381808,1.772758685,0.1259469314,0.03890675522
1.9456,1.121487521,3.704266199,0.2571636984,1.794334802,2.921329437,1.785863834,0.1259561667,0.03883474851
1.952,1.108115929,3.705275371,0.2691609554,1.795196633,2.900612873,1.793155902,0.1259691981,0.03878269856
1.9584,1.076394377,3.705306839,0.289843801,1.79518557,2.891644943,1.79422602,0.1259267565,0.03873852729
1.9648,1.0330541,3.704031226,0.315021744,1.794336266,2.894864574,1.788863888,0.125853384,0.03866622702
1.9712,0.9891733059,3.70313982,0.3395454011,1.793960184,2.909420132,1.777769367,0.1258354175,0.03860743913
1.9776,0.9461506873,3.70354642,0.3650224497,1.79443881,2.932605872,1.762361544,0.1258291371,0.03861606525
1.984,0.9050140568,3.703740043,0.3887745901,1.794448895,2.960923319,1.744462145,0.1257388067,0.03863428571
1.9904,0.8751737624,3.702892701,0.4050368526,1.793643543,2.990257631,1.72645422,0.1256182256,0.03862662826
1.9968,0.8618166522,3.702424707,0.412828048,1.793267613,3.017213286,1.710050126,0.1255711817,0.03862694663
2.0032,0.8637357737,3.703657104,0.4137319871,1.794067745,3.039132959,1.696586727,0.1255942442,0.03867632751
2.0096,0.8752384175,3.70544123,0.4105842587,1.794933202,3.053490406,1.687335547,0.1255874929,0.0387503009
2.016,0.8949979098,3.706151356,0.4023645253,1.7949173,3.05901755,1.682863479,0.1255398349,0.03878597312
2.0224,0.9256036808,3.706677852,0.3883567647,1.794978266,3.055913901,1.683033873,0.1255565495,0.03879770806
2.0288,0.9617023577,3.708608771,0.3735656833,1.796162368,3.045475043,1.686948973,0.1256593094,0.03883856306
2.0352,0.9937469372,3.711261943,0.3621578386,1.797645148,3.029541826,1.693464844,0.1257382737,0.03889478702
2.0416,1.018392351,3.712672842,0.353998206,1.798127358,3.010076967,1.701547387,0.1257411459,0.03890779495
2.048,1.037664123,3.71308394,0.3480359251,1.79815243,2.989718504,1.709795158,0.1257567303,0.03887778263
2.0544,1.051514383,3.714273793,0.3456803975,1.79897877,2.971297577,1.716736263,0.125842472,0.03886033019
2.0608,1.054331058,3.716361217,0.3501019036,1.800319004,2.95682894,1.721319222,0.1259155898,0.03887043442
2.0672,1.044378052,3.717378892,0.359995888,1.800714446,2.947421297,1.723049821,0.1258895905,0.03885333626
2.0736,1.028538454,3.716978644,0.3712482223,1.800284275,2.943635974,1.721818269,0.1258348202,0.03879600937
2.08,1.012018363,3.716956004,0.3829258441,1.800393255,2.94568346,1.717590189,0.1258449187,0.03875110884
2.0864,0.9936876859,3.718186473,0.3963455287,1.801307379,2.952965031,1.710701313,0.1258764745,0.03874958468
2.0928,0.9723542948,3.719041184,0.4106544659,1.801662918,2.963839837,1.702071122,0.1258276516,0.03874715677
2.0992,0.9536155868,3.718489661,0.4219306279,1.801067102,2.976483408,1.692744334,0.1257335981,0.03871115043
2.1056,0.9437732483,3.718019658,0.4282997627,1.800787126,2.98942295,1.683542504,0.1257070051,0.03868093022
2.112,0.9414427686,3.719053041,0.4320518353,1.801560708,3.001288799,1.675123207,0.1257462987,0.03869770112
2.1184,0.9417055621,3.72044309,0.4346705426,1.802261089,3.010590909,1.668208032,0.1257409815,0.03872824889
2.1248,0.9455331193,3.720540335,0.4341674638,1.801981993,3.016145897,1.663433641,0.1256764083,0.03872375107
2.1312,0.9567450089,3.720208462,0.4294882142,1.801667195,3.017711389,1.660904902,0.1256610451,0.03870528172
2.1376,0.9735427658,3.721159558,0.4232877051,1.802383176,3.015723051,1.660296891,0.125730666,0.03872013575
2.144,0.9888397513,3.722935247,0.418864629,1.803423975,3.010651133,1.661255743,0.1257839379,0.03875507726
2.1504,0.9999671492,3.723537909,0.4156578151,1.803491526,3.003055001,1.663461911,0.1257568643,0.0387541873
2.1568,1.010521857,3.723078113,0.4118960605,1.803065374,2.994029301,1.666365618,0.1257367804,0.03872088553
2.1632,1.021186421,3.723364695,0.408979149,1.803412918,2.985043543,1.66916607,0.1257962934,0.03870625415
2.1696,1.026790489,3.724756799,0.4097934146,1.804390596,2.977236888,1.67121694,0.1258644411,0.03872104578
2.176,1.024291888,3.725359043,0.4139923218,1.804578653,2.97113823,1.672267144,0.1258439098,0.03871376933
2.1824,1.018178218,3.724504877,0.4185965301,1.803904246,2.967177745,1.672179435,0.125787804,0.03866822004
2.1888,1.012974515,3.723847455,0.4228265767,1.803666119,2.965867737,1.670736361,0.1257979411,0.03863125855
2.1952,1.006747158,3.724511457,0.428716182,1.804314972,2.967301931,1.667874616,0.1258493782,0.0386343264
2.2016,0.9961535312,3.725082943,0.4365468472,1.80459369,2.9708483,1.663934266,0.1258319305,0.03863791057
2.208,0.9846692055,3.724190873,0.443242544,1.803854982,2.975643113,1.659445971,0.1257524076,0.03860567092
2.2144,0.9780903444,3.722999526,0.4469715551,1.803192099,2.981134548,1.654746602,0.1257230335,0.03856977562
2.2208,0.9761694841,3.723140414,0.4494548111,1.803538257,2.986853281,1.650047277,0.1257669334,0.03857430672
2.2272,0.9741018055,3.723934897,0.45251919,1.804044428,2.991988927,1.645724677,0.1257806903,0.03859868837
2.2336,0.9718032197,3.723525441,0.4544781896,1.803570421,2.995673272,1.642252148,0.1257186472,0.03859168648
2.24,0.9740561244,3.722296738,0.4532853791,1.802764119,2.997600634,1.639818394,0.1256778459,0.03856349777
2.2464,0.9815576726,3.722054671,0.4503847665,1.802843962,2.997960006,1.638275901,0.1257228651,0.03856276565
2.2528,0.9888403901,3.722963468,0.4487677153,1.803533764,2.996873931,1.637476931,0.1257763832,0.03859298522
2.2592,0.992613381,3.723100106,0.4482939274,1.803445033,2.99429288,1.637429605,0.1257493356,0.03860096991
2.2656,0.9963832615,3.721953652,0.4466727327,1.802616194,2.990526388,1.638006747,0.1257021075,0.03857283727
2.272,1.002799969,3.721177009,0.4441251485,1.802325147,2.986356087,1.638788027,0.1257295041,0.03855366307
2.2784,1.008117438,3.721740286,0.443515405,1.802922532,2.982466412,1.639353359,0.1257972118,0.03857114988
2.2848,1.007767052,3.722139587,0.4457100466,1.803118901,2.979064213,1.639576652,0.125795484,0.03858452258
2.2912,1.004264275,3.721073148,0.4481276812,1.80231434,2.976272966,1.639455172,0.1257351605,0.03855823039
2.2976,1.002510592,3.719722446,0.4493270841,1.80159803,2.974514055,1.638810271,0.1257240595,0.03852396625
2.304,1.001732615,3.719646122,0.4512159679,1.801860887,2.97415028,1.637423294,0.1257786097,0.03852630045
2.3104,0.9972851037,3.720119129,0.4554917261,1.802236417,2.974992857,1.635367144,0.1257951,0.03854689869
2.3168,0.9897871672,3.719338831,0.4600873634,1.801605162,2.976535433,1.632958745,0.1257321152,0.03853566862
2.3232,0.9848445107,3.717730523,0.4624542526,1.800619857,2.978551456,1.630377776,0.1256867741,0.03850182002
2.3296,0.9840599203,3.717090359,0.4635179027,1.800501798,2.981034097,1.627609465,0.1257216452,0.038495208
2.336,0.9829666508,3.717591767,0.4658319022,1.800998523,2.983680785,1.624757519,0.1257610559,0.03852343959
2.3424,0.9792989122,3.717361855,0.4687958678,1.800735962,2.985865147,1.62215981,0.1257202775,0.03853447084
2.3488,0.9773870304,3.715916528,0.4696376222,1.799742056,2.987249233,1.620047008,0.1256613151,0.03851099724
2.3552,0.9803553197,3.714898622,0.4683071385,1.799299241,2.987978889,1.618332678,0.1256783483,0.03849652856
2.3616,0.9846150847,3.715286079,0.4677228818,1.799795694,2.988187364,1.616875048,0.12573817,0.0385221176
2.368,0.9854936822,3.715602182,0.4689491775,1.79995439,2.987668319,1.615752687,0.125733365,0.03854869294
2.3744,0.9851764383,3.71454001,0.4695211024,1.799139259,2.986311138,1.615070164,0.1256749219,0.03853604837
2.3808,0.9880317802,3.713241485,0.4681750264,1.79841853,2.984499336,1.614644281,0.1256686816,0.03851174363
2.3872,0.9925904777,3.713249211,0.4672466936,1.798710349,2.982741198,1.614152068,0.1257301144,0.03852259361
2.3936,0.9934542641,3.71384844,0.468946321,1.799166363,2.981137489,1.613495276,0.1257557466,0.03855377423
2.4,0.9906128578,3.713225102,0.4714739008,1.798625504,2.979565731,1.61278113,0.1257034313,0.03855233499
2.4064,0.9892228021,3.711764843,0.472356665,1.797703896,2.978233352,1.611955228,0.1256680778,0.03852287472
2.4128,0.9905676075,3.711245702,0.4726626199,1.797640214,2.977564943,1.610771047,0.1257105971,0.03851667222
2.4192,0.9899819597,3.7118525,0.4751414568,1.798210505,2.977625608,1.609142517,0.1257551499,0.03854633203
2.4256,0.9852661236,3.711718071,0.4791457287,1.798017699,2.978050414,1.607285031,0.1257175283,0.03855979117
2.432,0.9810930534,3.71035286,0.4815943124,1.797062066,2.978645645,1.605371165,0.1256597925,0.03853592985
2.4384,0.9809803948,3.709400415,0.4821826673,1.796641137,2.979582278,1.603313888,0.1256754811,0.0385184991
2.4448,0.9816868226,3.70985111,0.4837327373,1.797173555,2.980895624,1.601034777,0.125731123,0.03854300647
2.4512,0.9789848857,3.710233328,0.4871284738,1.797374004,2.982173913,1.598737638,0.1257206372,0.03857168621
2.4576,0.9756163606,3.709256696,0.4895534783,1.796593777,2.983041404,1.596682587,0.125657599,0.03856130691
2.464,0.9763107526,3.708085431,0.4895205938,1.795919057,2.983598635,1.594839944,0.1256483444,0.03853836514
2.4704,0.979659948,3.708263996,0.489405809,1.796286346,2.984072807,1.593031217,0.1257066437,0.03855222611
2.4768,0.9802782053,3.709043868,0.4914736363,1.796826635,2.984310815,1.591290753,0.1257285382,0.03858889601
2.4832,0.9782918936,3.708616229,0.4938304305,1.796371537,2.984009626,1.589821183,0.1256753583,0.03859298815
2.4896,0.9787682527,3.707412131,0.4940329595,1.795565749,2.983293551,1.588602735,0.1256438132,0.03856791278
2.496,0.9825374294,3.707211706,0.4934258718,1.795656975,2.98258317,1.587375181,0.1256914229,0.03856634332
2.5024,0.9844689224,3.708124717,0.4950101414,1.79637385,2.981998981,1.586013381,0.1257384424,0.03860088665
2.5088,0.9822721943,3.708247468,0.4981400531,1.796298254,2.981301426,1.584665272,0.1257033812,0.03861733564
2.5152,0.9805395706,3.707165661,0.4997790528,1.795482668,2.980490084,1.583397059,0.1256527153,0.03859464824
2.5216,0.9823660864,3.706561515,0.4998796388,1.795246951,2.97994482,1.582002633,0.1256769343,0.03857850948
2.528,0.984078863,3.707340783,0.5014530032,1.795945253,2.979875778,1.580309253,0.1257358457,0.03860413292
2.5344,0.9815783413,3.707938592,0.505217851,1.796237823,2.980014665,1.57845428,0.1257240564,0.03863099298
2.5408,0.9780095771,3.707154989,0.5081711669,1.795551075,2.980117919,1.576636629,0.1256630344,0.03861703789
2.5472,0.9780858822,3.706259402,0.5089210242,1.795033355,2.980370837,1.57478301,0.1256592153,0.03859227072
2.5536,0.9801538762,3.706739975,0.5099489386,1.795561415,2.980994152,1.5727216,0.1257183513,0.03860608171
2.56,0.9790676274,3.707696318,0.5132482528,1.796164606,2.981757345,1.570540265,0.1257336558,0.03864005177
2.5664,0.9756690048,3.707376024,0.5165641843,1.795744427,2.982274235,1.568497859,0.1256762222,0.03863926897
2.5728,0.9752369875,3.706381233,0.5175012388,1.795059585,2.982581574,1.566621149,0.1256476425,0.0386122727
2.5792,0.9782512048,3.706490025,0.5176251133,1.795324974,2.982966606,1.56471689,0.1256975419,0.03861281687
2.5856,0.9794904012,3.707619848,0.519810636,1.796123273,2.983385769,1.562750764,0.1257386647,0.03864749759
2.592,0.9772490199,3.707832803,0.5230466351,1.796056214,2.983485584,1.560937761,0.1256976091,0.03865991454
2.5984,0.9763498497,3.70692119,0.5243739791,1.79533443,2.983225653,1.55935982,0.125650602,0.03863519438
2.6048,0.9793211154,3.706638675,0.5241569599,1.795292548,2.982958146,1.55781335,0.1256821409,0.03862222246
2.6112,0.981950514,3.707699997,0.5255168672,1.796119665,2.982853811,1.55614242,0.1257403165,0.03865016066
2.6176,0.9804537576,3.70839227,0.528830935,1.79641336,2.982654379,1.554483597,0.1257229299,0.03867283042
2.624,0.9783530968,3.707709246,0.5310747576,1.795775036,2.982214131,1.55298065,0.1256649237,0.03865416007
2.6304,0.9798765208,3.70707906,0.5313072577,1.795433517,2.981829512,1.551489745,0.1256710439,0.03863027987
2.6368,0.9826604083,3.707850979,0.5322594113,1.796119586,2.981781738,1.549802839,0.1257333733,0.03864642683
2.6432,0.981712851,3.708885973,0.5355652658,1.796715721,2.981886624,1.547991409,0.1257420444,0.0386756475
2.6496,0.9785700842,3.708555972,0.5387005959,1.796272342,2.981854631,1.546268274,0.1256829107,0.0386668854
2.656,0.9784120359,3.707703042,0.5395924261,1.795700337,2.981818494,1.544603299,0.1256621517,0.03863746721
2.6624,0.9810714252,3.708056111,0.5401230443,1.796122118,2.982079836,1.542792727,0.1257166671,0.03864014024
2.6688,0.9813101309,3.709255387,0.5428603488,1.796916686,2.982547115,1.540837021,0.1257502237,0.03867158293
2.6752,0.9782841518,3.709369218,0.5463115821,1.796761642,2.982848341,1.538971441,0.125701911,0.03867522585
2.6816,0.9771021757,3.708473108,0.5476751683,1.796075367,2.982951395,1.537270417,0.1256589812,0.03864616587
2.688,0.9797093886,3.70837576,0.5477202917,1.796173567,2.983160408,1.535549537,0.1256966266,0.03863580739
2.6944,0.9815607231,3.709532756,0.5494627821,1.797027435,2.983536864,1.533714713,0.1257496095,0.03866396417
2.7008,0.9795570729,3.710102429,0.5527532926,1.79720694,2.983746571,1.531952116,0.1257225365,0.03867956545
2.7072,0.9777324992,3.709342757,0.5545761425,1.796538051,2.983641984,1.530403647,0.125665835,0.03865560584
2.7136,0.9797904986,3.708836107,0.5544724519,1.79631049,2.983510929,1.528918948,0.1256801853,0.0386340556
2.72,0.9827111726,3.709738072,0.5553235982,1.797065334,2.983577279,1.527317297,0.125742376,0.03865326122
2.7264,0.9818203514,3.710673417,0.5583194552,1.797557369,2.983619178,1.52569687,0.1257420029,0.03867769402
2.7328,0.9793079562,3.710196256,0.5607696319,1.797028321,2.983396456,1.524244207,0.1256815228,0.03866248049
2.7392,0.9800401391,3.709381547,0.5610439891,1.796523819,2.983111939,1.522880873,0.1256694225,0.03863335198
2.7456,0.9830767915,3.709860794,0.5613495765,1.797036964,2.983082597,1.521388817,0.1257281432,0.03863983402
2.752,0.9831682612,3.710991254,0.5639369467,1.797754224,2.983209829,1.519778228,0.1257542361,0.03866855013
2.7584,0.9802217539,3.710899407,0.5669543396,1.797467126,2.983174048,1.518262106,0.1257009339,0.03866488852
2.7648,0.9794029986,3.709935001,0.5678725358,1.796782467,2.983024572,1.516865183,0.1256641171,0.03863349317
2.7712,0.9819873998,3.709915833,0.5678505891,1.796963522,2.983087663,1.515384857,0.1257079222,0.03862640283
2.7776,0.9831758402,3.711032525,0.5697448995,1.797773279,2.983389003,1.513750797,0.1257554289,0.03865418772
2.784,0.9805727234,3.711370119,0.5729332814,1.797795603,2.983585785,1.512163106,0.1257200714,0.0386632476
2.7904,0.9786206456,3.710448903,0.574457692,1.79706269,2.983565483,1.510743414,0.1256655281,0.0386353667
2.7968,0.9805377619,3.709957206,0.5742545463,1.796889805,2.983614121,1.509335002,0.1256865481,0.03861634926
2.8032,0.9828450562,3.710850091,0.5752399413,1.797637504,2.983891554,1.507791787,0.1257464097,0.03863772639
2.8096,0.9813185011,3.711575879,0.5781647957,1.797980481,2.984121143,1.506249623,0.1257368579,0.03865799404
2.816,0.9787442511,3.71088317,0.5802151453,1.797340806,2.984070294,1.504892287,0.1256751775,0.03863851861
2.8224,0.9796992288,3.710025385,0.5801190218,1.796856137,2.983951259,1.503627915,0.1256697304,0.03861098167
2.8288,0.9826420443,3.710519703,0.5802986123,1.79739351,2.98404163,1.502254977,0.1257300325,0.03862126375
2.8352,0.9824221771,3.711496775,0.5827097558,1.797997255,2.984196852,1.500813388,0.125748574,0.03864852744
2.8416,0.979571525,3.711171541,0.5852465013,1.797575408,2.984113543,1.499511274,0.1256916492,0.03864082255
2.848,0.9792040741,3.710109999,0.5856333197,1.796872464,2.983886651,1.498342121,0.1256604919,0.03860959468
2.8544,0.9819932383,3.710105399,0.5853425431,1.797090343,2.983849717,1.497092382,0.1257088877,0.03860636534
2.8608,0.9829511896,3.711128007,0.587105845,1.797831288,2.984006479,1.495705866,0.1257515122,0.03863478882
2.8672,0.9802334273,3.71123856,0.5899706498,1.797713128,2.984030105,1.494380594,0.1257105885,0.03864038359
2.8736,0.9785043195,3.710170093,0.5910657789,1.796923048,2.983862778,1.493206408,0.1256592927,0.03861123075
2.88,0.980523607,3.709667413,0.5906423616,1.796778218,2.983815868,1.49200609,0.1256860265,0.03859513051
2.8864,0.9824572694,3.710512766,0.5916400532,1.797497159,2.984027778,1.490645149,0.1257436738,0.03861860317
2.8928,0.9804720287,3.711040695,0.5944819795,1.797711757,2.984208999,1.489273864,0.125727392,0.03863664357
2.8992,0.9777925944,3.71016743,0.5962695231,1.796984027,2.984155189,1.488062877,0.125665884,0.03861520584
2.9056,0.9787447505,3.709265645,0.5959865233,1.79650706,2.98409607,1.48690506,0.1256658699,0.03858955631
2.912,0.9813530532,3.709747016,0.5961980165,1.797046823,2.984280117,1.485611731,0.1257265645,0.03860291949
2.9184,0.9806197194,3.710579462,0.5986227271,1.797552471,2.984523412,1.484249659,0.1257387338,0.03862976505
2.9248,0.9775919083,3.710068806,0.6009521482,1.797028049,2.984524736,1.483030567,0.1256794245,0.0386202796
2.9312,0.9773377654,3.708937667,0.6010791295,1.796311669,2.984395707,1.481934448,0.1256528261,0.03859011777
2.9376,0.9800801461,3.708943699,0.6006986223,1.796552658,2.984453375,1.480751055,0.1257040692,0.03859030005
2.944,0.9807317364,3.709888342,0.6024465501,1.797237529,2.984664149,1.479446553,0.1257421873,0.03862001606
2.9504,0.9779034223,3.709834675,0.6051194915,1.797019597,2.984697211,1.478227054,0.1256972771,0.03862442015
2.9568,0.9764052433,3.708679409,0.6059051141,1.796197851,2.984523466,1.477164892,0.1256491929,0.03859556235
2.9632,0.9786092547,3.708196063,0.6052989849,1.796084261,2.984464392,1.47607075,0.1256804825,0.03858242655
2.9696,0.9803966535,3.709025556,0.6062787966,1.79678939,2.984638464,1.474820074,0.1257361271,0.0386082626
2.976,0.9782488692,3.709426884,0.6090269947,1.796919986,2.984750419,1.473572468,0.1257150085,0.03862578308
2.9824,0.9757073332,3.708455092,0.6105809197,1.796145213,2.984627469,1.472483124,0.1256547285,0.03860393568
2.9888,0.9768539137,3.7075665,0.6101312079,1.795695481,2.984524752,1.471425498,0.1256597703,0.03858034022
2.9952,0.9793402963,3.708078717,0.6103761533,1.79625534,2.984680353,1.470213551,0.1257208307,0.03859651356
3.0016,0.9783048241,3.708833144,0.61285235,1.796702323,2.984892671,1.468928944,0.1257280456,0.03862363288
3.008,0.9752194826,3.708220916,0.6150800408,1.796120344,2.984876035,1.467779844,0.1256676345,0.03861335046
3.0144,0.9750955624,3.707088994,0.6150834052,1.795419793,2.984766018,1.466729623,0.1256455374,0.03858432417
3.0208,0.9777698179,3.70715664,0.6147480765,1.795704172,2.9848713,1.465567884,0.1256991841,0.03858738808
3.0272,0.978096418,3.708080633,0.616625193,1.796363651,2.985128024,1.464280157,0.1257332255,0.03861832779
3.0336,0.9751126978,3.707937132,0.6192797778,1.796086365,2.985200772,1.46308156,0.1256851857,0.03862196042
3.04,0.9737588174,3.706766432,0.6199388793,1.795266564,2.985080542,1.462032226,0.1256404084,0.03859346615
3.0464,0.9760599545,3.706361172,0.6193144798,1.79520936,2.985088791,1.460936975,0.1256757628,0.03858296045
3.0528,0.9776586199,3.707229713,0.6204132815,1.795926659,2.985314935,1.459686875,0.1257292114,0.03861090854
3.0592,0.9753588168,3.707569123,0.6231827273,1.796006565,2.98544861,1.458456246,0.1257036979,0.03862795676
3.0656,0.972994461,3.706568672,0.6245997654,1.795219252,2.985337909,1.457390309,0.1256450495,0.03860573499
3.072,0.9743961058,3.705759177,0.6240613697,1.794828027,2.985253912,1.456347971,0.1256551547,0.0385841206
3.0784,0.9768512361,3.706361046,0.6243963763,1.795435046,2.985418248,1.455149266,0.1257164208,0.03860295321
3.0848,0.9756505176,3.707094111,0.6269512339,1.795849988,2.985610197,1.4538917,0.1257188633,0.03863006517
3.0912,0.9726757744,3.706441978,0.6290855984,1.795241086,2.985562126,1.452777837,0.1256579473,0.03861868256
3.0976,0.9728440439,3.705374124,0.6289798732,1.794589912,2.985437428,1.451751449,0.125640908,0.03859065175
3.104,0.9755792464,3.705563695,0.6287219252,1.794947333,2.985540503,1.450599757,0.1256970778,0.03859649377
3.1104,0.9756929541,3.706514773,0.6307542419,1.795601871,2.985783124,1.449325139,0.1257269082,0.03862809805
3.1168,0.9726731387,3.706326686,0.6334006006,1.795286312,2.985834847,1.448146418,0.1256760601,0.03863012299
3.1232,0.9715632155,3.7051931,0.6339590102,1.794497271,2.985715778,1.447105794,0.1256352746,0.03860149921
3.1296,0.9739997915,3.704920685,0.6333827971,1.79452618,2.985751334,1.446000115,0.1256750028,0.03859350905
3.136,0.9753957376,3.705867251,0.6346768921,1.795271553,2.98600223,1.444737077,0.1257257993,0.03862298403
3.1424,0.9729414022,3.706171116,0.6375119768,1.795310121,2.986145641,1.443504999,0.1256956089,0.03863836962
3.1488,0.9707699722,3.705175926,0.6388273952,1.79452929,2.986053874,1.442436575,0.1256390562,0.03861491705
3.1552,0.9724123761,3.704489745,0.6382675755,1.794223387,2.986011327,1.441377239,0.1256546843,0.03859517582
3.1616,0.9747761233,3.705214545,0.6387741222,1.794892307,2.986214767,1.440158688,0.1257156755,0.03861636905
3.168,0.9733747684,3.705938419,0.6414412161,1.795275269,2.986418548,1.438898483,0.1257125785,0.03864228445
3.1744,0.9705393651,3.705261668,0.6434737517,1.7946473,2.986372833,1.437792934,0.1256513403,0.03862869855
3.1808,0.9710396579,3.704289317,0.6432659918,1.794067038,2.986266192,1.436766493,0.1256400247,0.03860150232
3.1872,0.9738345515,3.704630237,0.6431183019,1.794513172,2.986390654,1.435608744,0.1256985767,0.03861017981
3.1936,0.9737388608,3.705612573,0.6453013912,1.795158175,2.986627739,1.434343158,0.1257232813,0.03864149569
3.2,0.9707552177,3.705378666,0.6478797672,1.794801526,2.986655185,1.433189971,0.1256695275,0.03864063723
3.2064,0.9699860037,3.704298317,0.6482854777,1.794057039,2.986526681,1.432169353,0.1256335252,0.03861150289
3.2128,0.9726021768,3.704181622,0.6477507123,1.794187548,2.986570155,1.431070709,0.1256779091,0.03860625441
3.2192,0.9737990347,3.705205473,0.6492273618,1.794955184,2.986815133,1.429820819,0.1257252014,0.03863661662
3.2256,0.9712353354,3.705457792,0.6520637266,1.794940033,2.986932076,1.428618993,0.1256898835,0.03864897037
3.232,0.9693294453,3.704466387,0.6532121381,1.794169479,2.986826414,1.427578997,0.1256360912,0.03862360091
3.2384,0.9712324906,3.703915469,0.6526185277,1.793961058,2.986797774,1.426531134,0.1256577702,0.03860593054
3.2448,0.9734559168,3.704758183,0.6533049352,1.79468626,2.987014783,1.42532166,0.1257177687,0.03862918015
3.2512,0.9718238789,3.705445306,0.6560465683,1.795017773,2.98720875,1.424088004,0.1257083095,0.03865262235
3.2576,0.9691415574,3.704725781,0.6579194954,1.794364098,2.987154362,1.423015426,0.1256470919,0.03863593915
3.264,0.9699608649,3.70384815,0.6575928567,1.79386114,2.987065926,1.422007802,0.1256420998,0.0386096783
3.2704,0.9727377421,3.70433167,0.657570328,1.794391259,2.987216519,1.420861441,0.1257025294,0.03862122051
3.2768,0.9723633972,3.705311371,0.6598792269,1.795003671,2.987453618,1.419624148,0.1257210625,0.03865127004
3.2832,0.9694098445,3.705000853,0.6623248035,1.794590906,2.987466412,1.418515074,0.1256644311,0.03864660364
3.2896,0.9689808959,3.703961838,0.6625349032,1.793891202,2.987342449,1.417530874,0.1256338336,0.03861698008
3.296,0.971725676,3.703989286,0.662034241,1.794119469,2.98740561,1.416457287,0.1256826653,0.03861476018
3.3024,0.972665798,3.705055195,0.6636608877,1.794886274,2.98764888,1.415244197,0.1257254134,0.03864541588
3.3088,0.9699989496,3.705217319,0.6664193425,1.794796907,2.987738994,1.414100001,0.1256847681,0.03865390389
3.3152,0.9683867404,3.704209393,0.6673309858,1.794031571,2.987617822,1.413116207,0.1256343671,0.03862656849
3.3216,0.9705334176,3.703779554,0.6666733142,1.793916852,2.987597271,1.412109291,0.1256621758,0.0386113729
3.328,0.9725701032,3.704706332,0.6675053342,1.794677279,2.987814108,1.410943034,0.1257202785,0.03863641288
3.3344,0.970706965,3.705313457,0.6702460256,1.794933491,2.987980313,1.409772927,0.1257040626,0.03865667371
3.3408,0.9682039729,3.704524637,0.6718862977,1.794244947,2.987901112,1.408768579,0.1256434494,0.03863679063
3.3472,0.9693266852,3.703724889,0.6714079766,1.79381472,2.987816359,1.407812797,0.1256450473,0.03861188269
3.3536,0.9720243206,3.704319649,0.6714904377,1.794410392,2.987977,1.406711136,0.1257066003,0.03862626859
3.36,0.971338023,3.705251478,0.6738715666,1.794964739,2.988198571,1.405535244,0.1257183664,0.03865448428
3.3664,0.96841623,3.704833503,0.676124606,1.794483748,2.988187355,1.404499217,0.1256593219,0.03864590349
3.3728,0.9682993525,3.703817542,0.6761135445,1.793823608,2.988064652,1.40357548,0.1256345101,0.03861621582
3.3792,0.9710978952,3.703961345,0.6756405909,1.794134104,2.988145801,1.402549127,0.1256871845,0.03861719891
3.3856,0.9717240166,3.705025058,0.6773828647,1.794874555,2.988386278,1.401394527,0.1257246265,0.03864774271
3.392,0.9689447244,3.705063943,0.6800125294,1.794696973,2.98845298,1.400326562,0.1256789749,0.03865229744
3.3984,0.967604956,3.704022035,0.6806619198,1.793931988,2.988323975,1.399413704,0.1256324671,0.03862347278
3.4048,0.9699325365,3.70369071,0.6799355757,1.793898888,2.988318339,1.398461634,0.1256659957,0.03861109212
3.4112,0.9717269585,3.704661697,0.68088706,1.794670729,2.988538344,1.397353901,0.1257213607,0.03863768255
3.4176,0.9696319542,3.70515536,0.6835771713,1.794836638,2.988679966,1.396262121,0.1256985498,0.03865471931
3.424,0.967310371,3.704282206,0.684954407,1.794109752,2.988580333,1.395338527,0.125639186,0.03863217153
3.4304,0.9686979353,3.703544441,0.6843181193,1.793744293,2.988500999,1.394446891,0.12564721,0.03860909214
3.4368,0.97126934,3.704217597,0.6844874273,1.794385009,2.988668214,1.393404111,0.1257090511,0.03862622201
3.4432,0.970273668,3.70506877,0.6868969923,1.794865481,2.988869088,1.392303942,0.1257140011,0.03865253243
3.4496,0.9674008964,3.704530904,0.6889284083,1.79431435,2.988830571,1.391352621,0.1256532917,0.03864058211
3.456,0.9675717676,3.703529295,0.6886955399,1.793690173,2.98870554,1.390499245,0.1256343661,0.03861141366
3.4624,0.9703751491,3.703765387,0.6882479926,1.794066852,2.988798148,1.389530302,0.1256901184,0.03861562671
3.4688,0.9706762405,3.704796145,0.6900780029,1.794764586,2.989029019,1.388443651,0.1257219404,0.03864591816
3.4752,0.9678017614,3.704700683,0.6925579076,1.79449767,2.98906972,1.387457634,0.1256720117,0.03864702323
3.4816,0.9667165463,3.703623075,0.6929541944,1.793733907,2.988933205,1.386617942,0.1256297614,0.0386173787
3.488,0.9691721307,3.703376068,0.6921743355,1.793771837,2.988942073,1.385721942,0.125668387,0.03860798339
3.4944,0.970696459,3.70436469,0.693235723,1.794539236,2.989164665,1.384673247,0.1257204452,0.03863593648
3.5008,0.9683846975,3.704733931,0.6958610459,1.794613144,2.989285049,1.383657123,0.125691612,0.03865010522
3.5072,0.9662401191,3.703780738,0.6969884216,1.793852928,2.989171759,1.382808111,0.1256341071,0.0386256159
3.5136,0.9678490303,3.703101189,0.6962195078,1.793547782,2.989103663,1.381973623,0.1256481696,0.03860469656
3.52,0.9702609802,3.703833395,0.6964802199,1.794219938,2.98928094,1.380983269,0.1257095754,0.03862440294
3.5264,0.9689730209,3.704592675,0.6989068691,1.794623276,2.989465747,1.379951073,0.125708012,0.03864898138
3.5328,0.9661664924,3.703943204,0.7007265587,1.794009951,2.989406839,1.379074161,0.1256464223,0.03863436789
3.5392,0.9666028639,3.702962077,0.7003003093,1.793423606,2.989284886,1.378280367,0.1256333145,0.03860619254
3.5456,0.9693809801,3.70328066,0.6998940697,1.793857116,2.989390512,1.377359416,0.1256914159,0.03861355158
3.552,0.9693719494,3.704267692,0.7018053897,1.79450711,2.98961232,1.376331407,0.1257175856,0.03864357203
3.5584,0.96643623,3.704047384,0.7041414209,1.794159698,2.989629589,1.375415966,0.1256642043,0.03864181009
3.5648,0.9656035868,3.70294819,0.7043139863,1.793404646,2.989487981,1.374636932,0.1256264785,0.03861190834
3.5712,0.9681607024,3.702785957,0.7035083368,1.793509856,2.989510803,1.37378534,0.1256696048,0.0386055387
3.5776,0.9694177882,3.703784003,0.7046846949,1.794266889,2.98973405,1.372784496,0.1257180073,0.03863469809
3.584,0.9669258157,3.704036686,0.7072505646,1.794256325,2.98983383,1.371830913,0.1256838273,0.03864636278
3.5904,0.9649710082,3.70302256,0.708157136,1.79347415,2.989709567,1.371041268,0.1256287284,0.038620506
3.5968,0.9667795367,3.70241126,0.7072929512,1.793231567,2.989654238,1.370248629,0.1256484748,0.03860192305
3.6032,0.9690201327,3.703199246,0.7076642879,1.793930257,2.989841668,1.369296062,0.1257088864,0.03862400628
3.6096,0.9674693505,3.703871573,0.7101152645,1.794261006,2.990012478,1.368316079,0.1257011798,0.03864696732
3.616,0.9647545424,3.703131078,0.7117479108,1.793598529,2.989938183,1.367495643,0.1256394219,0.03863018365
3.6224,0.9654463953,3.70218813,0.7111680934,1.793057695,2.989824158,1.366743011,0.1256320819,0.03860329131
3.6288,0.9681810104,3.702592854,0.7108333436,1.793546266,2.989945523,1.36585277,0.1256919325,0.03861365951
3.6352,0.9678812383,3.703538832,0.7128362476,1.794149845,2.990160948,1.364866499,0.1257124522,0.03864331039
3.6416,0.9649208874,3.703212312,0.7150446999,1.793734248,2.990159693,1.364003426,0.1256563319,0.03863900645
3.648,0.9643490928,3.702113949,0.715027916,1.792999502,2.990018153,1.363266299,0.1256233941,0.03860918982
3.6544,0.9669933079,3.70204777,0.714232065,1.793174687,2.990057584,1.362441721,0.1256705529,0.0386058336
3.6608,0.9679913977,3.703057714,0.7155387228,1.793920722,2.990282253,1.361472919,0.1257149835,0.0386359758
3.6672,0.9653596961,3.70320806,0.7180538722,1.793835002,2.990363385,1.36056578,0.125675999,0.03864523866
3.6736,0.9636199253,3.702156691,0.718764794,1.793044358,2.990231187,1.359818616,0.1256238148,0.03861831793
3.68,0.9656222151,3.701631193,0.7178415832,1.792871558,2.99019008,1.359051755,0.1256490246,0.03860217932
3.6864,0.9676877647,3.70247983,0.7183466764,1.793596284,2.990386714,1.358122798,0.1257079422,0.03862641103
3.6928,0.9659067822,3.703073942,0.7208280847,1.793859516,2.990543003,1.35718136,0.1256943273,0.03864762711
3.6992,0.9633190301,3.702263797,0.7222889075,1.793160904,2.990454885,1.356402697,0.1256330216,0.03862885434
3.7056,0.9642703496,3.701380227,0.7215880047,1.792676249,2.990350442,1.355676417,0.1256315152,0.03860342496
3.712,0.9669488819,3.701880115,0.7213552107,1.793221509,2.990487206,1.354803682,0.1256926044,0.03861666637
3.7184,0.9663751402,3.702789236,0.7234580693,1.793779697,2.990695405,1.353847228,0.1257073555,0.03864565801
3.7248,0.9634280184,3.702372728,0.7255448219,1.793306078,2.990677021,1.353023878,0.1256490676,0.03863881496
3.7312,0.9631325459,3.701297056,0.7253626774,1.792603976,2.990538297,1.352315289,0.1256212442,0.03860926393
3.7376,0.9658502331,3.701340248,0.7246094968,1.792854022,2.990595624,1.351505554,0.125672068,0.03860891732
3.744,0.9665895382,3.702364123,0.7260596912,1.793587528,2.99082125,1.350558677,0.1257121172,0.03863970314
3.7504,0.9638525305,3.702421543,0.7285222635,1.793432426,2.990884489,1.349688095,0.1256687014,0.03864637005
3.7568,0.9623550112,3.701352418,0.7290489152,1.792645294,2.990746969,1.348972668,0.1256199402,0.03861849696
3.7632,0.9645447296,3.700929049,0.7280956666,1.792550275,2.99072188,1.348221528,0.1256504855,0.03860491619
3.7696,0.966423105,3.701840919,0.7287530178,1.79329924,2.99092689,1.347308546,0.1257073556,0.03863102065
3.776,0.9644365352,3.702359288,0.7312590245,1.79349581,2.991067603,1.346399315,0.1256879036,0.0386501372
3.7824,0.9620109447,3.701494148,0.7325464357,1.792770741,2.99096661,1.345655357,0.1256276251,0.03862935892
3.7888,0.9632264432,3.700687102,0.7317447883,1.79235213,2.990872939,1.344948315,0.1256320908,0.03860556407
3.7952,0.9658300063,3.701287128,0.7316363192,1.792953969,2.991023782,1.344088081,0.1256938873,0.0386215407
3.8016,0.9649912637,3.702156396,0.7338347114,1.793463331,2.991222055,1.343158466,0.1257026185,0.03864942991
3.808,0.9620932028,3.701657862,0.7357878773,1.792937578,2.991185763,1.342371427,0.125642666,0.0386398746
3.8144,0.9620888328,3.700620398,0.7354495338,1.792278223,2.991050597,1.341687132,0.1256203232,0.0386107461
3.8208,0.9648602311,3.700780647,0.7347622693,1.792605643,2.991124983,1.340889284,0.1256744374,0.03861343232
3.8272,0.9653321403,3.701812599,0.7363570626,1.79332064,2.991348608,1.339963732,0.1257095982,0.0386444293
3.8336,0.9625188953,3.701777528,0.7387489465,1.793097316,2.99139232,1.339129258,0.1256620559,0.03864817764
3.84,0.9612864618,3.700702483,0.7390887183,1.792322504,2.991250238,1.338443824,0.1256172364,0.03861943707
3.8464,0.9636486638,3.700390723,0.7381249505,1.792310225,2.991241458,1.33770705,0.1256529734,0.03860856559
3.8528,0.965317293,3.701359931,0.7389420623,1.793077076,2.991452568,1.336811056,0.1257071619,0.03863621935
3.8592,0.9631424402,3.701796092,0.7414528026,1.793203271,2.991575557,1.335936032,0.1256818995,0.03865280172
3.8656,0.960907075,3.700882584,0.7425528539,1.792457921,2.991462114,1.335227495,0.1256232192,0.03862999947
3.872,0.9623810858,3.700161825,0.7416621603,1.792111867,2.991380165,1.334540007,0.1256337629,0.03860805586
3.8784,0.964879861,3.700858113,0.7416903817,1.792765439,2.991543459,1.333694615,0.1256956532,0.03862661269
3.8848,0.9637787673,3.701675832,0.7439667977,1.793218243,2.991728958,1.332795938,0.1256980948,0.03865291946
3.8912,0.9609590885,3.701095855,0.7457635505,1.79264302,2.991674126,1.332048392,0.1256369961,0.03864051524
3.8976,0.9612508082,3.70010498,0.7452707942,1.792033253,2.991543325,1.331390497,0.1256204608,0.03861203091
3.904,0.9640457665,3.700381329,0.7446636891,1.792435882,2.991633586,1.330607958,0.1256773957,0.03861777034
3.9104,0.9642373352,3.701407027,0.746391637,1.79312222,2.991851831,1.329709308,0.1257071486,0.03864853554
3.9168,0.961373016,3.701273742,0.7486851811,1.792829268,2.9918742,1.328916135,0.1256558416,0.03864911509
3.9232,0.9604195998,3.700198657,0.7488300223,1.792072761,2.991728003,1.32826429,0.125615454,0.0386196895
3.9296,0.9629291357,3.700000181,0.7478687214,1.792143819,2.99173503,1.327545859,0.1256561304,0.03861169047
3.936,0.9643614304,3.701012569,0.7488422089,1.792917955,2.991949119,1.326672947,0.1257069729,0.03864055344
3.9424,0.9620140291,3.70135494,0.7513295809,1.792968319,2.992051907,1.325838485,0.1256760225,0.03865426393
3.9488,0.9599891334,3.7003955,0.7522258916,1.792207007,2.991926262,1.325169912,0.125619519,0.03862955033
3.9552,0.9617048309,3.699764374,0.751255074,1.791936231,2.991856459,1.324505999,0.1256361273,0.03860971284
3.9616,0.9640639545,3.700545315,0.7514242138,1.792632525,2.992030035,1.323681232,0.1256974318,0.03863066328
3.968,0.9627034154,3.701295495,0.7537542241,1.793019751,2.992200098,1.322820208,0.1256934242,0.03865500242
3.9744,0.9599855945,3.700632351,0.7553718299,1.792397088,2.992126721,1.322117227,0.1256317569,0.03863977707
3.9808,0.9605669517,3.69969224,0.7547276371,1.79184096,2.992001417,1.321489567,0.1256212473,0.0386122344
3.9872,0.9633488771,3.700077045,0.7542102146,1.792312534,2.992106464,1.320727373,0.1256804247,0.03862101032
3.9936,0.9632492099,3.701078255,0.7560537384,1.792958857,2.992316633,1.319862125,0.1257043491,0.03865115887
4.0,0.9603570826,3.700840589,0.7582224656,1.792595484,2.992317058,1.319115602,0.1256497562,0.03864850773
4.0064,0.9596868949,3.69976935,0.7581687376,1.791861898,2.992168047,1.318500955,0.1256142168,0.03861869203
4.0128,0.9623112434,3.699680887,0.7572218303,1.792013323,2.99219068,1.317804956,0.1256594409,0.03861370074
4.0192,0.9634839955,3.700718716,0.7583430106,1.792782817,2.992405192,1.316960899,0.1257063287,0.03864344867
4.0256,0.9609824171,3.700956632,0.7607801164,1.792753316,2.992486457,1.316172268,0.1256699725,0.03865412988
4.032,0.9591816915,3.699954084,0.7614629484,1.791980552,2.992349758,1.315546906,0.1256162058,0.03862776767
4.0384,0.9611148525,3.699413234,0.760423616,1.7917853,2.992292722,1.314909506,0.1256387226,0.03861028685
4.0448,0.9633020688,3.700264208,0.7607344885,1.792513563,2.992474592,1.314109866,0.1256987554,0.03863342071
4.0512,0.9616911256,3.700932318,0.7630943738,1.792828053,2.992627409,1.313291191,0.125688316,0.03865555054
4.0576,0.95909579,3.700186908,0.7645180288,1.792161515,2.992536381,1.312635457,0.1256267029,0.03863770697
4.064,0.959953353,3.699301177,0.7637315694,1.791661874,2.992417986,1.312039668,0.1256223119,0.03861142781
4.0704,0.9626863098,3.69978472,0.7633128773,1.792194485,2.992536826,1.311300633,0.1256830903,0.03862317129
4.0768,0.9622923218,3.700744796,0.7652547552,1.792791135,2.992737007,1.31047243,0.1257009182,0.03865241017
4.0832,0.9593961243,3.700400674,0.7672802916,1.792359125,2.992716046,1.309774532,0.1256436212,0.03864663849
4.0896,0.9590078593,3.699338915,0.7670331908,1.791653206,2.992566213,1.309197449,0.125613258,0.03861678769
4.096,0.9617134584,3.699356348,0.7661152723,1.791880857,2.99260458,1.308524882,0.1256625404,0.03861488266
4.1024,0.9626109299,3.70040328,0.7673759203,1.792634925,2.992817766,1.307711967,0.1257049652,0.03864522539
4.1088,0.9599778114,3.700530982,0.7697429268,1.792524844,2.992877502,1.30697043,0.1256636308,0.03865287322
4.1152,0.9584115383,3.699491717,0.7702124105,1.791746398,2.99273188,1.306387599,0.1256131193,0.03862520743
4.1216,0.9605360931,3.699042432,0.7691214975,1.791626332,2.992688693,1.305776021,0.125641278,0.03861029216
4.128,0.9625258313,3.699950033,0.7695758788,1.792376571,2.992877501,1.305002265,0.1256993945,0.0386353778
4.1344,0.9606806969,3.700526702,0.7719473568,1.792614546,2.993012411,1.304226461,0.1256826973,0.03865517212
4.1408,0.9582279038,3.699704678,0.7731719334,1.791909958,2.992905593,1.303616502,0.1256217703,0.03863500285
4.1472,0.9593464936,3.698879101,0.7722594014,1.791469877,2.992795917,1.303050427,0.1256234911,0.03861028781
4.1536,0.9619996304,3.699453036,0.7719505496,1.792056055,2.992927866,1.302333684,0.1256852206,0.0386248833
4.16,0.961316718,3.700359995,0.7739774539,1.792596442,2.993116902,1.3015422,0.1256968242,0.03865298383
4.1664,0.9584425834,3.699912772,0.7758500141,1.792100522,2.993075889,1.300890869,0.1256374566,0.03864428906
4.1728,0.9583336007,3.698869324,0.775422443,1.791428003,2.992927547,1.300348004,0.1256125211,0.03861474943
4.1792,0.96109008,3.698990379,0.7745514681,1.791728094,2.992981897,1.299696391,0.1256653282,0.03861595633
4.1856,0.9617049858,3.70003398,0.7759461995,1.792458456,2.993192481,1.298913288,0.1257028861,0.0386466184
4.192,0.958967037,3.700051278,0.7782303398,1.792270094,2.993231361,1.298216374,0.1256570804,0.03865129525
4.1984,0.9576454001,3.698985514,0.7784941229,1.791493276,2.993079312,1.297671916,0.1256102958,0.03862267284
4.2048,0.9599370735,3.698631369,0.7773728843,1.791448732,2.993051176,1.297082286,0.1256437743,0.03861047892
4.2112,0.9617104995,3.699585391,0.7779749451,1.792212725,2.993245883,1.296332012,0.1256993879,0.03863727003
4.2176,0.9596528432,3.700066308,0.7803448388,1.792373292,2.993362808,1.295596355,0.1256766972,0.03865464099
4.224,0.9573635378,3.699177386,0.7813717177,1.791638264,2.993242475,1.295027638,0.125617068,0.03863243973
4.2304,0.9587292404,3.698420256,0.7803537917,1.791261815,2.993143472,1.294486385,0.1256248391,0.0386095439
4.2368,0.9612767273,3.699078811,0.7801680628,1.791895386,2.993288026,1.293788494,0.1256868887,0.03862683895
4.2432,0.960316154,3.699924964,0.7822700101,1.792375371,2.993465157,1.293030832,0.1256922229,0.03865359017
4.2496,0.9574920906,3.699381947,0.7839846757,1.791822006,2.993405735,1.292421594,0.1256314229,0.03864216028
4.256,0.9576610528,3.698368212,0.7833933778,1.791189639,2.993261245,1.291907504,0.1256121198,0.03861324027
4.2624,0.9604415005,3.698592742,0.7825893414,1.791559424,2.993331786,1.291272514,0.1256679144,0.03861754059
4.2688,0.9607718614,3.6996239,0.78411471,1.792259644,2.993538595,1.290516128,0.1257002633,0.03864824029
4.2752,0.9579585615,3.699534052,0.7863063063,1.791997006,2.993557399,1.289859724,0.1256505145,0.03864999249
4.2816,0.9568927736,3.698454313,0.7863748173,1.791230065,2.99340135,1.289348095,0.1256078913,0.03862071748
4.288,0.9593295381,3.698200644,0.7852461574,1.791262184,2.993389283,1.288775409,0.1256463505,0.03861136235
4.2944,0.9608721091,3.699193086,0.7860009693,1.792033051,2.993588738,1.288045237,0.1256989133,0.03863958776
4.3008,0.9586264059,3.69957678,0.7883577992,1.792116728,2.993687554,1.287346133,0.1256705241,0.03865442868
4.3072,0.9565225598,3.698632505,0.7891897638,1.791359649,2.993555823,1.286813458,0.125612778,0.03863044082
4.3136,0.9581227032,3.697953483,0.7880881487,1.791051449,2.993469201,1.286291686,0.1256265151,0.03860958528
4.32,0.9605414478,3.698692265,0.7880391441,1.791726997,2.993625627,1.285608943,0.1256882693,0.03862940044
4.3264,0.9593171371,3.699471899,0.7902063602,1.792143483,2.993789957,1.284882045,0.1256873219,0.03865455976
4.3328,0.9565718732,3.6988417,0.7917585032,1.791539673,2.993713602,1.28431041,0.1256257104,0.03864053613
4.3392,0.9570179713,3.697869825,0.7910203169,1.790954628,2.993575086,1.283819817,0.1256122211,0.03861250649
4.3456,0.9597968869,3.69819834,0.7903030043,1.791391671,2.993661761,1.283197474,0.1256704633,0.03861985543
4.352,0.9598428698,3.699208928,0.791954613,1.792055961,2.993863411,1.282465202,0.1256972888,0.03865027981
4.3584,0.9569843934,3.699016034,0.7940430626,1.791723263,2.993862704,1.281845793,0.1256441209,0.03864910957
4.3648,0.9561856889,3.697934961,0.7939258496,1.790974635,2.993704797,1.281362196,0.125606068,0.0386194468
4.3712,0.9587457597,3.697787169,0.7928119889,1.79108463,2.99370948,1.280802365,0.1256491548,0.0386130244
4.3776,0.9600442019,3.698810214,0.7937230175,1.791855553,2.99391221,1.280089981,0.125698132,0.03864238707
4.384,0.9576356194,3.699095456,0.7960532318,1.791862913,2.993992513,1.279424969,0.1256643489,0.03865454798
4.3904,0.9557387909,3.698107077,0.7966913834,1.791091999,2.99385118,1.27892436,0.1256090481,0.03862898336
4.3968,0.957560121,3.697515301,0.7955265484,1.790856529,2.993778268,1.278418089,0.1256286474,0.03861036796
4.4032,0.9598271119,3.698329153,0.7956257306,1.791568263,2.993945421,1.277748299,0.1256894862,0.03863249445
4.4096,0.9583537438,3.699036289,0.7978456735,1.791918011,2.994095718,1.277050667,0.1256822653,0.03865578918
4.416,0.9557154062,3.698326873,0.7992282383,1.791270402,2.994003578,1.276513725,0.1256204494,0.03863927952
4.4224,0.9564364041,3.697408106,0.7983584141,1.790739446,2.993872785,1.27604301,0.1256129296,0.03861239545
4.4288,0.9591870945,3.697839691,0.7977453981,1.791240695,2.993975108,1.27543113,0.1256730591,0.03862272354
4.4352,0.9589493776,3.698820665,0.7995154509,1.791862752,2.994169865,1.274722195,0.1256940648,0.03865253447
4.4416,0.9560752568,3.698527966,0.8014873904,1.791463908,2.994149951,1.274138046,0.1256380068,0.0386484168
4.448,0.9555530497,3.697457077,0.8011921175,1.790741408,2.993992029,1.273679491,0.125604906,0.03861862318
4.4544,0.9582123046,3.697418746,0.8001131078,1.790929551,2.994013747,1.273130348,0.1256522337,0.03861521073
4.4608,0.9592533851,3.698462851,0.8011799922,1.7916929,2.994217918,1.272435407,0.1256970994,0.038645383
4.4672,0.9567070542,3.698647481,0.8034668361,1.79162415,2.994279091,1.271803895,0.12565825,0.03865470305
4.4736,0.9550365843,3.697624961,0.803910287,1.79084704,2.994129746,1.27133321,0.1256059361,0.03862776654
4.48,0.9570625878,3.697127663,0.8027009365,1.790687719,2.994071539,1.270840377,0.1256312502,0.03861158273
4.4864,0.9591541232,3.698009231,0.8029560671,1.791428722,2.994247912,1.270183331,0.1256905444,0.03863578557
4.4928,0.9574468293,3.698636622,0.8052124597,1.791708026,2.994382756,1.269515325,0.125677095,0.03865693474
4.4992,0.9549416282,3.697854781,0.8064164265,1.791022857,2.99427585,1.269011919,0.1256156798,0.0386380544
4.5056,0.9559316496,3.696998485,0.8054288613,1.790551783,2.994154258,1.268559277,0.1256142362,0.03861257115
4.512,0.9586255959,3.697529715,0.8049344817,1.791112648,2.994271361,1.267957573,0.1256756604,0.038625786
4.5184,0.9581058256,3.698470409,0.8068111529,1.791685614,2.994457284,1.267272969,0.1256905899,0.03865463646
4.5248,0.9552443744,3.698080256,0.8086511013,1.791224212,2.994418412,1.266723926,0.1256321895,0.03864756989
4.5312,0.955004171,3.697029452,0.8081846429,1.790534851,2.994262157,1.266289005,0.1256043823,0.03861791149
4.5376,0.9577355964,3.697101604,0.8071583475,1.790799874,2.994300862,1.265750063,0.1256555137,0.03861756449
4.544,0.958506891,3.698155173,0.8083765309,1.791547127,2.994504426,1.265073808,0.1256957654,0.03864820709
4.5504,0.9558478226,3.69823638,0.8106010098,1.791402406,2.994545878,1.264476544,0.1256522263,0.03865455369
4.5568,0.9544195903,3.697188528,0.810848685,1.790626152,2.994390076,1.264034911,0.125603414,0.0386264772
4.5632,0.956629982,3.696790615,0.8096123443,1.790545051,2.994347313,1.263554829,0.1256342321,0.03861290362
4.5696,0.9585223632,3.697730051,0.8100273555,1.791307121,2.994531166,1.262911662,0.1256913489,0.03863892383
4.576,0.9565975107,3.698269882,0.8123013261,1.791512384,2.994649211,1.262274698,0.1256717815,0.03865768106
4.5824,0.9542489358,3.697421875,0.8133179207,1.790795629,2.994528676,1.261804577,0.1256113692,0.03863658625
4.5888,0.9554978334,3.69663568,0.8122265257,1.790389043,2.994417639,1.261369196,0.1256160462,0.03861276278
4.5952,0.9581053527,3.697260493,0.8118621923,1.791003458,2.99454843,1.260778417,0.12567814,0.03862873726
4.6016,0.9573073614,3.698149445,0.8138305914,1.791520464,2.994723652,1.260119918,0.1256868048,0.03865630335
4.608,0.9544857236,3.697664224,0.8155234621,1.791000348,2.994666297,1.259606372,0.1256266422,0.03864633899
4.6144,0.9545286965,3.696642324,0.8148937381,1.790350315,2.994513389,1.259194277,0.1256044121,0.03861710137
4.6208,0.9573028889,3.69682362,0.8139363784,1.790689404,2.994568824,1.25866575,0.1256588507,0.03861984605
4.6272,0.9577943684,3.697873836,0.8152981297,1.791411709,2.994769755,1.258009937,0.1256940369,0.03865062038
4.6336,0.9550481726,3.697849247,0.8174413019,1.791191845,2.994791192,1.257447872,0.1256462453,0.03865392214
4.64,0.9538743008,3.69678457,0.8174939795,1.790423236,2.994630626,1.25703462,0.1256014142,0.03862497098
4.6464,0.9562454025,3.696489142,0.8162481001,1.790420966,2.994603901,1.256566941,0.1256374534,0.03861417008
4.6528,0.9579167856,3.697475015,0.8168239961,1.79119518,2.994793446,1.255939042,0.1256917773,0.03864172927
4.6592,0.9557930175,3.697920113,0.8190961184,1.791323624,2.994893647,1.255334471,0.125666287,0.03865789935
4.6656,0.9536220716,3.697012678,0.8199188869,1.790581504,2.994760872,1.254897219,0.1256074727,0.03863479754
4.672,0.9551157737,3.696303053,0.8187389187,1.790243038,2.994661693,1.254478268,0.1256182392,0.03861288631
4.6784,0.9576078342,3.697013717,0.8185140052,1.790903894,2.994804985,1.253899163,0.1256803573,0.03863146203
4.6848,0.9565388284,3.697839905,0.8205579219,1.791358765,2.994967901,1.253268252,0.1256826559,0.03865745493
4.6912,0.9537831275,3.69726316,0.8220909549,1.790784511,2.994892895,1.25279012,0.1256213387,0.03864470538
4.6976,0.9541068397,3.696278618,0.8213084154,1.790179593,2.994745081,1.252399695,0.1256049056,0.03861618436
4.704,0.9568935048,3.696566166,0.8204353573,1.790588787,2.994816875,1.251881557,0.125662105,0.03862200925
4.7104,0.9570989614,3.697600283,0.8219311889,1.791277723,2.995013311,1.2512475,0.125691842,0.03865259335
4.7168,0.954292093,3.69746916,0.823975946,1.790984582,2.995014831,1.250720897,0.1256402977,0.0386528401
4.7232,0.9533816168,3.696396605,0.8238375863,1.790230372,2.994851374,1.250334728,0.1255998804,0.03862330816
4.7296,0.9558878567,3.696205721,0.8226002136,1.790306628,2.994841197,1.249878645,0.1256407897,0.03861540753
4.736,0.95731957,3.69722619,0.8233362229,1.791084005,2.995034714,1.249266854,0.125691742,0.03864421664
4.7424,0.955018166,3.697571098,0.8255880951,1.79113415,2.995116405,1.248695203,0.1256606083,0.03865766119
4.7488,0.9530437313,3.696612092,0.826213903,1.790373337,2.994973056,1.248289577,0.1256039706,0.03863279688
4.7552,0.9547656096,3.695985097,0.8249624947,1.790105977,2.994887003,1.247885588,0.125620722,0.03861303176
4.7616,0.9571150607,3.696773098,0.8248850789,1.790805786,2.995041578,1.247318298,0.1256822183,0.03863401917
4.768,0.9557863021,3.697527011,0.8269884242,1.791193586,2.995190881,1.246715604,0.1256781379,0.03865819214
4.7744,0.9531220636,3.696863951,0.8283519438,1.790570665,2.995099384,1.246271856,0.125616288,0.03864281236
4.7808,0.953721207,3.695925464,0.8274297337,1.790016295,2.994958459,1.245901166,0.1256058047,0.03861530241
4.7872,0.9564906887,3.696315694,0.8266560098,1.790491046,2.995046167,1.245392738,0.1256651865,0.03862415851
4.7936,0.9564081856,3.697321909,0.8282756806,1.791139045,2.995236443,1.244780934,0.1256891671,0.03865424207
4.8,0.9535680634,3.697085538,0.8302073968,1.790775714,2.995218487,1.244289081,0.1256344153,0.03865147181
4.8064,0.952927651,3.696014848,0.8298851334,1.790042833,2.995054132,1.243927851,0.1255987958,0.03862165963
4.8128,0.9555426717,3.695930053,0.8286749637,1.790196646,2.995060913,1.243481891,0.1256441704,0.03861675273
4.8192,0.9567197498,3.696973604,0.829569213,1.790968676,2.995256744,1.242886324,0.1256912182,0.03864651278
4.8256,0.9542644534,3.69721496,0.8317838882,1.790940315,2.995319569,1.242347208,0.1256547893,0.0386571343
4.832,0.9525038805,3.696213463,0.8322128139,1.79016807,2.99516749,1.241971106,0.1256008786,0.03863076961
4.8384,0.954435679,3.695675064,0.8309085791,1.789974393,2.995095758,1.241579955,0.125623452,0.03861335986
4.8448,0.9566180354,3.696531802,0.8309857264,1.790705542,2.995260351,1.24102401,0.1256836895,0.03863654487
4.8512,0.9550440863,3.697205685,0.8331328313,1.791022579,2.995394964,1.24044938,0.1256732959,0.03865867627
4.8576,0.9524962845,3.696463152,0.8343199174,1.790357249,2.995288353,1.240038188,0.1256115358,0.03864084762
4.864,0.9533637769,3.695579717,0.8332732882,1.789858771,2.995156071,1.239684692,0.1256071001,0.03861462624
4.8704,0.9560873358,3.696068608,0.8326134834,1.790394118,2.995259117,1.23918481,0.1256680635,0.03862642919
4.8768,0.9557188094,3.69703633,0.8343461936,1.790994546,2.995441685,1.238595153,0.1256860486,0.03865571298
4.8832,0.9528735165,3.696697756,0.8361522048,1.790565085,2.995404921,1.238136649,0.1256286622,0.03864998753
4.8896,0.9525080469,3.695639283,0.8356553976,1.789860544,2.995241671,1.237797675,0.1255981784,0.038620193
4.896,0.9552051507,3.695661753,0.8344914078,1.790090613,2.995265666,1.237359999,0.1256475748,0.03861833981
4.9024,0.956116176,3.696717423,0.8355408748,1.790849176,2.995462158,1.236780372,0.1256902277,0.03864874395
4.9088,0.953532523,3.696853528,0.8377024029,1.790743235,2.995505954,1.236272878,0.1256489021,0.03865646726
4.9152,0.9520016666,3.695819547,0.8379366219,1.78996705,2.995347049,1.235923762,0.1255982409,0.03862886869
4.9216,0.9541239957,3.695375502,0.8365990966,1.789849261,2.995290685,1.235543073,0.1256264215,0.03861399745
4.928,0.9561169991,3.696292243,0.8368366574,1.790604165,2.995463936,1.234997796,0.1256847786,0.03863913793
4.9344,0.9543152859,3.696879763,0.8390117828,1.79084772,2.995582918,1.234450746,0.1256681998,0.03865902302
4.9408,0.9519081902,3.696065639,0.8400171744,1.790146731,2.995462659,1.234069966,0.1256071448,0.03863893591
4.9472,0.9530351353,3.695246233,0.8388625864,1.789709211,2.995340656,1.233730981,0.1256088028,0.03861426457
4.9536,0.9556851239,3.695829329,0.8383303672,1.790299891,2.995458291,1.233238455,0.1256707331,0.03862889834
4.96,0.9550355999,3.696748834,0.8401643495,1.790846814,2.995631644,1.232670724,0.1256825444,0.03865708516
4.9664,0.9522133575,3.696312258,0.8418330476,1.79035602,2.995576838,1.232244,0.1256231129,0.03864848237
4.9728,0.9521258207,3.695276535,0.841172462,1.789686767,2.995416625,1.231924559,0.1255980588,0.03861899288
4.9792,0.9548780479,3.69540683,0.8400731283,1.789991179,2.995457881,1.231493443,0.125650994,0.03862022422
4.9856,0.9555142942,3.696463812,0.841273222,1.79072847,2.995653323,1.230929556,0.125688807,0.03865095207
4.992,0.9528290061,3.696494172,0.8433659701,1.790546604,2.995678019,1.230452757,0.1256430252,0.03865571887
