"Time","Subsystem #1|CTLs|Vars|P_EQ_POI1","Subsystem #1|CTLs|Vars|Q_EQ_POI1","Subsystem #1|Loads|LI1|P_EQ_ZIP","Subsystem #1|Loads|LI1|Q_EQ_ZIP","Subsystem #1|Machines|DG|P_EQ_DG","Subsystem #1|Machines|DG|Q_EQ_DG","Subsystem #1|Machines|M1|P_EQ_IM","Subsystem #1|Machines|M1|Q_EQ_IM"
0.0,0.7777205597,-3.398082669,3.554580017,1.767529643,2.939251005,5.294317696,0.1247441203,0.1276392385
0.0064,0.7784759858,-3.398248437,3.553884085,1.767312253,2.939101514,5.294386722,0.12473082,0.1276176114
0.0128,0.7803920942,-3.399284651,3.553479932,1.767300761,2.93916466,5.294409039,0.1247365626,0.1276354667
0.0192,0.7800277514,-3.399335821,3.554113749,1.767522567,2.939329066,5.294343942,0.12475173,0.1276612252
0.0256,0.778063908,-3.398324562,3.554629799,1.767573774,2.939301898,5.294308058,0.1247487422,0.1276488327
0.032,0.7779593873,-3.398035946,3.554144174,1.767376818,2.939132905,5.29436397,0.1247336339,0.1276208659
0.0384,0.7799151616,-3.398986571,3.553487723,1.767265587,2.939120043,5.294413467,0.1247324479,0.1276261491
0.0448,0.7804562113,-3.39949014,3.553853545,1.7674544,2.939288264,5.294367874,0.1247480449,0.1276562684
0.0512,0.7786166413,-3.398647911,3.554568198,1.767590832,2.939336839,5.294308753,0.1247520453,0.1276567128
0.0576,0.7776768606,-3.397964171,3.554382659,1.767449786,2.93918185,5.294340557,0.1247379672,0.127627822
0.064,0.7792778922,-3.398638001,3.553613484,1.767265724,2.939096122,5.294407056,0.1247302934,0.1276197216
0.0704,0.780614003,-3.399491334,3.553631198,1.767379056,2.939233723,5.294390317,0.1247429947,0.127647869
0.0768,0.7792729243,-3.398990125,3.554405599,1.767577589,2.939348854,5.294319736,0.1247533339,0.1276613463
0.0832,0.7776802421,-3.398045084,3.554554334,1.767516826,2.939238495,5.294321083,0.1247429981,0.1276370533
0.0896,0.7786134262,-3.398311171,3.55382864,1.767300586,2.939097664,5.294391218,0.1247304689,0.1276174867
0.096,0.7804650675,-3.399337415,3.553494978,1.7673127,2.939176531,5.294406622,0.1247376665,0.1276377397
0.1024,0.7799041938,-3.399283564,3.554171305,1.767535332,2.939335377,5.29433892,0.1247522804,0.1276617488
0.1088,0.7779663301,-3.398261849,3.55462832,1.767566098,2.939291651,5.294309346,0.1247477999,0.1276467873
0.1152,0.7780568061,-3.398071999,3.554086457,1.767361181,2.939124116,5.294369251,0.1247328529,0.1276197821
0.1216,0.780039263,-3.399059681,3.553475258,1.767270488,2.939128431,5.294413427,0.1247332159,0.1276280311
0.128,0.7803819373,-3.399468327,3.553909956,1.76747069,2.939298862,5.294362509,0.1247490136,0.1276577131
0.1344,0.7784806155,-3.398572047,3.554591298,1.767589614,2.93933087,5.294307676,0.1247514668,0.1276551954
0.1408,0.7777159644,-3.397966824,3.554334006,1.767433607,2.939169926,5.294345574,0.1247369112,0.1276260217
0.1472,0.7794267795,-3.398716115,3.553576441,1.767262539,2.939099327,5.294409378,0.1247305752,0.1276208196
0.1536,0.7806052417,-3.399504958,3.553674698,1.767395641,2.939246494,5.294385709,0.1247441837,0.1276499572
0.16,0.7791245643,-3.398915953,3.554449263,1.767583152,2.939348374,5.294316483,0.1247532466,0.1276606584
0.1664,0.7776539731,-3.398014405,3.554523825,1.767503073,2.939225811,5.294324857,0.1247418688,0.1276348923
0.1728,0.7787562292,-3.39837834,3.553775293,1.767290158,2.939095063,5.294395408,0.1247302272,0.1276175868
0.1792,0.7805242109,-3.399383899,3.55351588,1.767325816,2.939188856,5.29440373,0.1247388135,0.1276400306
0.1856,0.7797728789,-3.399225883,3.554227453,1.767546961,2.939340527,5.294334121,0.124752718,0.1276620486
0.192,0.7778803907,-3.398203736,3.554621296,1.767557149,2.939280706,5.294311137,0.1247468001,0.1276446758
0.1984,0.7781650045,-3.398114819,3.554028198,1.767346158,2.939116303,5.294374445,0.1247321546,0.1276188967
0.2048,0.7801540196,-3.399129428,3.553468886,1.767277152,2.939137779,5.29441284,0.1247340746,0.1276300402
0.2112,0.7802948654,-3.399439143,3.553967711,1.767486463,2.939308665,5.294357125,0.1247499053,0.1276589716
0.2176,0.7783510543,-3.39849794,3.554609077,1.767586895,2.939323812,5.294307124,0.1247507909,0.1276535296
0.224,0.7777690069,-3.397977218,3.554282496,1.767417245,2.939158504,5.29435074,0.1247359022,0.1276243524
0.2304,0.7795727356,-3.398794577,3.553544281,1.767261138,2.939103776,5.294411203,0.1247309721,0.1276221171
0.2368,0.7805810523,-3.399510636,3.55372199,1.76741242,2.939258994,5.294380842,0.1247453441,0.1276519328
0.2432,0.7789763696,-3.398840054,3.55448889,1.767587246,2.939346623,5.294313672,0.1247530406,0.1276597664
0.2496,0.7776424711,-3.397990684,3.554488707,1.767488598,2.939213081,5.294328981,0.1247407375,0.1276327787
0.256,0.778903166,-3.398449175,3.553724715,1.76728122,2.939093746,5.294399246,0.1247301011,0.1276179187
0.2624,0.780568819,-3.399423675,3.553542409,1.767340019,2.93920151,5.294400389,0.1247399922,0.1276423198
0.2688,0.7796352593,-3.399163341,3.554281734,1.767557405,2.939344472,5.294329593,0.1247530422,0.1276621263
0.2752,0.7778066153,-3.398150954,3.554608781,1.767546993,2.939269167,5.294313417,0.1247457531,0.1276425183
0.2816,0.7782829828,-3.398163967,3.553969986,1.767331893,2.939109536,5.294379504,0.124731547,0.1276182195
0.288,0.7802581514,-3.39919515,3.553468691,1.76728547,2.939147981,5.294411714,0.1247350164,0.1276321535
0.2944,0.7801959029,-3.399402809,3.554026148,1.767501522,2.939317575,5.294351775,0.1247507085,0.1276600297
0.3008,0.7782293306,-3.39842618,3.554621527,1.767582687,2.939315741,5.294307101,0.1247500315,0.1276517326
0.3072,0.7778355509,-3.397995166,3.554228528,1.767400915,2.939147706,5.294356004,0.1247349461,0.1276228325
0.3136,0.7797143352,-3.398872473,3.553517447,1.767261543,2.93910943,5.29441251,0.1247314829,0.1276236016
0.32,0.7805420617,-3.399508334,3.553772638,1.76742933,2.939271101,5.294375767,0.1247464663,0.1276537822
0.3264,0.7788299495,-3.398763266,3.554524121,1.767589808,2.939343617,5.294311333,0.1247527219,0.1276586792
0.3328,0.7776453273,-3.39797436,3.554449175,1.767473433,2.939200421,5.294333417,0.1247396129,0.1276307284
0.3392,0.7790525057,-3.398523055,3.553677332,1.767273809,2.939093723,5.294402693,0.1247300889,0.1276184756
0.3456,0.7805983316,-3.399456384,3.55357425,1.767355115,2.939214366,5.294396634,0.1247411908,0.1276445818
0.352,0.779492713,-3.399096602,3.554333512,1.7675665,2.939347179,5.294325377,0.124753248,0.1276619787
0.3584,0.7777458607,-3.398103945,3.554590957,1.767535693,2.939257153,5.29431616,0.1247446725,0.1276403349
0.3648,0.778409811,-3.398218903,3.553912429,1.767318547,2.939103893,5.294384374,0.1247310373,0.1276177582
0.3712,0.7803505164,-3.399256126,3.55347468,1.767295303,2.939158934,5.29441006,0.1247360329,0.1276343485
0.3776,0.7800862227,-3.399359729,3.554084638,1.767515777,2.939325499,5.294346519,0.1247514139,0.1276608794
0.384,0.7781165679,-3.398357504,3.55462844,1.767577092,2.939306727,5.294307608,0.1247491919,0.1276498245
0.3904,0.7779150284,-3.39802053,3.554172658,1.767384754,2.939137635,5.294361313,0.1247340533,0.1276214772
0.3968,0.7798499485,-3.398949034,3.553496151,1.76726376,2.939116234,5.294413283,0.1247320999,0.1276252584
0.4032,0.7804883236,-3.39949818,3.553825995,1.767446101,2.939282697,5.294370533,0.1247475349,0.1276554811
0.4096,0.7786865564,-3.398686298,3.554554719,1.767590881,2.939339394,5.294309487,0.1247522957,0.1276574114
0.416,0.7776627616,-3.397965694,3.55440573,1.767457784,2.939187962,5.294338121,0.1247385094,0.1276287656
0.4224,0.7792028137,-3.398599253,3.553633694,1.767267994,2.939094998,5.294405715,0.1247301943,0.1276192527
0.4288,0.7806126534,-3.399481612,3.553611107,1.76737098,2.939227284,5.294392507,0.1247423955,0.1276467924
0.4352,0.7793467821,-3.399026333,3.55438244,1.76757424,2.939348614,5.294321519,0.1247533377,0.1276616117
0.4416,0.777698654,-3.398063025,3.554567827,1.767523346,2.93924478,5.294319338,0.1247435606,0.1276381448
0.448,0.7785440388,-3.398279188,3.553856155,1.767306251,2.939099436,5.294389006,0.1247306332,0.1276175193
0.4544,0.7804301469,-3.399311779,3.553486675,1.767306516,2.939170531,5.294407892,0.1247371081,0.1276365978
0.4608,0.7799670298,-3.399310414,3.554142651,1.767529087,2.939332363,5.294341406,0.1247520171,0.1276615137
0.4672,0.7780137403,-3.398292677,3.554629783,1.76757011,2.939296866,5.294308639,0.124748282,0.1276478207
0.4736,0.7780067555,-3.398053057,3.554115429,1.767368941,2.939128394,5.294366617,0.1247332322,0.1276203016
0.48,0.7799784275,-3.399023489,3.553480743,1.767267831,2.939124114,5.294413515,0.12473282,0.1276270722
0.4864,0.7804208059,-3.399480192,3.5538816,1.767462635,2.939293655,5.294365198,0.1247485411,0.1276570166
0.4928,0.7785478459,-3.398609853,3.554580401,1.767590399,2.939333996,5.294308148,0.1247517674,0.1276559728
0.4992,0.7776947107,-3.397964539,3.554358751,1.767441719,2.939175833,5.294343044,0.1247374368,0.1276269057
0.5056,0.7793526248,-3.398676974,3.553594362,1.767263887,2.939097566,5.294408277,0.1247304194,0.1276202454
0.512,0.7806116322,-3.399499117,3.553652468,1.767387302,2.939240134,5.294388049,0.1247435922,0.1276489243
0.5184,0.7791988092,-3.398953307,3.554427919,1.76758056,2.939348771,5.294318057,0.1247533063,0.1276610293
0.5248,0.7776653002,-3.398028862,3.554539664,1.767510051,2.939232168,5.294322923,0.1247424319,0.1276359682
0.5312,0.7786844018,-3.398344174,3.553801703,1.767295216,2.939096206,5.294393354,0.1247303354,0.1276175071
0.5376,0.7804964187,-3.399361518,3.553504712,1.767319105,2.939182643,5.294405234,0.1247382355,0.1276388853
0.544,0.7798393672,-3.399255358,3.554199583,1.767541308,2.939338102,5.294336489,0.1247525114,0.1276619259
0.5504,0.7779220546,-3.398232149,3.554625555,1.767561818,2.939286259,5.29431018,0.1247473097,0.1276457408
0.5568,0.7781096533,-3.398092561,3.554057361,1.76735361,2.939120083,5.294371861,0.1247324914,0.1276193166
0.5632,0.7800978874,-3.399095001,3.553471312,1.767273636,2.939132992,5.294413202,0.124733634,0.1276290202
0.5696,0.7803399325,-3.39945464,3.55393873,1.767478648,2.939303867,5.294359817,0.1247494719,0.1276583679
0.576,0.7784149344,-3.398534746,3.554600884,1.767588438,2.939327474,5.294307333,0.1247511392,0.1276543799
0.5824,0.7777408573,-3.397971047,3.554308611,1.767425431,2.939164144,5.294348142,0.1247364032,0.1276251687
0.5888,0.779500179,-3.398755352,3.553559708,1.767261585,2.939101397,5.294410354,0.124730759,0.1276214441
0.5952,0.7805950937,-3.399508803,3.55369791,1.76740403,2.939252787,5.294383304,0.1247447674,0.1276509596
0.6016,0.779050401,-3.398878205,3.554469604,1.767585395,2.939347656,5.294315021,0.1247531597,0.1276602385
0.608,0.7776463748,-3.398001686,3.554506821,1.767495943,2.939219445,5.294326877,0.1247413008,0.1276338302
0.6144,0.7788293059,-3.398413317,3.553749597,1.7672855,2.939094243,5.294397374,0.1247301487,0.1276177217
0.6208,0.7805482961,-3.399404668,3.553528436,1.767332796,2.939195148,5.294402114,0.1247394002,0.1276411797
0.6272,0.7797047715,-3.3991952,3.554254889,1.767552334,2.939342655,5.294331819,0.1247528947,0.1276621151
0.6336,0.7778419011,-3.398176656,3.554615749,1.767552213,2.939275002,5.294312219,0.1247462847,0.1276436011
0.64,0.7782228431,-3.398138632,3.553999059,1.76733892,2.939112783,5.294376994,0.1247318386,0.1276185332
0.6464,0.7802074957,-3.399162839,3.553468014,1.767281082,2.939142781,5.294412344,0.1247345361,0.1276310819
0.6528,0.7802468696,-3.399421814,3.553996894,1.767494092,2.939313238,5.294354442,0.1247503202,0.1276595279
0.6592,0.7782891129,-3.398461736,3.554615977,1.767584976,2.939319899,5.294307046,0.1247504197,0.1276526464
0.6656,0.7778006431,-3.39798524,3.5542558,1.767409094,2.939153019,5.294353364,0.1247354186,0.1276235731
0.672,0.7796442485,-3.398833623,3.553530201,1.767261126,2.939106454,5.294411922,0.124731214,0.1276228401
0.6784,0.7805633952,-3.399510515,3.553746935,1.767420902,2.939265107,5.294378326,0.1247459102,0.1276528748
0.6848,0.7789028353,-3.398801753,3.554507062,1.767588735,2.939345273,5.294312443,0.1247528967,0.1276592479
0.6912,0.7776420555,-3.397981583,3.554469469,1.767481069,2.939206734,5.294331162,0.1247401728,0.1276317443
0.6976,0.778977622,-3.398485801,3.553700543,1.767277309,2.939093573,5.29440102,0.1247300795,0.1276181666
0.704,0.7805854744,-3.399440933,3.553557722,1.767347479,2.939207922,5.294398561,0.1247405917,0.1276434579
0.7104,0.7795645369,-3.399130444,3.554307975,1.767562122,2.939345983,5.294327442,0.1247531588,0.1276620796
0.7168,0.7777745478,-3.398126684,3.554600529,1.767541467,2.93926321,5.294314733,0.1247452183,0.1276414277
0.7232,0.7783455264,-3.398190709,3.553941115,1.767325096,2.939106569,5.294381965,0.1247312796,0.127617963
0.7296,0.780305921,-3.399226287,3.553470908,1.767290177,2.939153372,5.294410952,0.1247355162,0.1276332401
0.736,0.7801424077,-3.399382062,3.554055429,1.767508775,2.939321663,5.294349133,0.1247510753,0.1276604828
0.7424,0.7781716686,-3.398391431,3.554625669,1.767580102,2.939311347,5.294307288,0.1247496186,0.127650793
0.7488,0.7778737783,-3.398006931,3.554200813,1.767392823,2.939142574,5.294358656,0.1247344922,0.1276221331
0.7552,0.7797829853,-3.39891098,3.553506089,1.767262451,2.939112693,5.294412963,0.1247317778,0.1276244124
0.7616,0.7805170017,-3.399504205,3.553799029,1.767437748,2.939276972,5.294373166,0.1247470069,0.1276546499
0.768,0.7787578367,-3.39872473,3.554540075,1.767590538,2.939341653,5.294310348,0.1247525256,0.1276580686
0.7744,0.7776521931,-3.397969065,3.554427949,1.767465664,2.939194159,5.294335737,0.1247390572,0.1276297361
0.7808,0.7791276915,-3.39856093,3.553655004,1.767270661,2.9390942,5.29440426,0.1247301281,0.1276188342
0.7872,0.7806074731,-3.399469925,3.553592116,1.76736298,2.939220823,5.294394615,0.1247417944,0.1276456973
0.7936,0.779420173,-3.399061863,3.55435838,1.767570556,2.939348057,5.2943234,0.1247533057,0.1276618217
0.8,0.7777205548,-3.398082656,3.554580017,1.767529643,2.939251005,5.294317696,0.1247441203,0.1276392385
0.8064,0.7784759686,-3.398248427,3.553884085,1.767312253,2.939101514,5.294386722,0.1247308199,0.1276176114
0.8128,0.7803920859,-3.399284654,3.553479932,1.767300761,2.93916466,5.294409039,0.1247365626,0.1276354667
0.8192,0.7800277514,-3.399335821,3.554113749,1.767522567,2.939329066,5.294343942,0.12475173,0.1276612252
0.8256,0.7780638918,-3.39832455,3.554629799,1.767573774,2.939301898,5.294308058,0.1247487422,0.1276488327
0.832,0.7779594023,-3.398035932,3.554144174,1.767376818,2.939132905,5.29436397,0.1247336339,0.1276208659
0.8384,0.7799151667,-3.398986579,3.553487723,1.767265587,2.939120043,5.294413467,0.1247324479,0.1276261491
0.8448,0.7804562113,-3.39949014,3.553853545,1.7674544,2.939288264,5.294367874,0.1247480449,0.1276562683
0.8512,0.778616641,-3.398647908,3.554568198,1.767590832,2.939336839,5.294308753,0.1247520453,0.1276567128
0.8576,0.7776768606,-3.397964171,3.554382659,1.767449786,2.93918185,5.294340557,0.1247379672,0.127627822
0.864,0.7792778712,-3.39863801,3.553613484,1.767265724,2.939096122,5.294407056,0.1247302935,0.1276197216
0.8704,0.7806139859,-3.399491346,3.553631198,1.767379056,2.939233723,5.294390317,0.1247429948,0.127647869
0.8768,0.7792729325,-3.398990122,3.554405599,1.767577589,2.939348854,5.294319736,0.1247533339,0.1276613463
0.8832,0.7776802421,-3.398045084,3.554554334,1.767516826,2.939238495,5.294321083,0.1247429981,0.1276370533
0.8896,0.7786134443,-3.398311162,3.55382864,1.767300586,2.939097664,5.294391218,0.1247304689,0.1276174867
0.896,0.7804650662,-3.39933741,3.553494978,1.7673127,2.939176531,5.294406622,0.1247376665,0.1276377397
0.9024,0.7799041783,-3.399283556,3.554171305,1.767535332,2.939335377,5.29433892,0.1247522804,0.1276617488
0.9088,0.7779663676,-3.398261834,3.55462832,1.767566098,2.939291651,5.294309346,0.1247477998,0.1276467873
0.9152,0.7780568064,-3.398072001,3.554086457,1.767361181,2.939124116,5.294369251,0.1247328529,0.1276197821
0.9216,0.7800392383,-3.399059672,3.553475258,1.767270488,2.939128431,5.294413427,0.1247332159,0.1276280311
0.928,0.7803819503,-3.399468346,3.553909956,1.76747069,2.939298862,5.294362509,0.1247490136,0.1276577131
0.9344,0.7784806156,-3.398572048,3.554591298,1.767589614,2.93933087,5.294307676,0.1247514668,0.1276551954
0.9408,0.7777159644,-3.397966824,3.554334006,1.767433607,2.939169926,5.294345574,0.1247369112,0.1276260217
0.9472,0.7794267795,-3.398716115,3.553576441,1.767262539,2.939099327,5.294409378,0.1247305751,0.1276208196
0.9536,0.7806052417,-3.399504958,3.553674698,1.767395641,2.939246494,5.294385709,0.1247441837,0.1276499572
0.96,0.7791245727,-3.39891595,3.554449263,1.767583152,2.939348374,5.294316483,0.1247532466,0.1276606584
0.9664,0.7776539989,-3.398014412,3.554523825,1.767503073,2.939225811,5.294324857,0.1247418688,0.1276348923
0.9728,0.778756248,-3.39837833,3.553775293,1.767290158,2.939095063,5.294395408,0.1247302272,0.1276175868
0.9792,0.7805242109,-3.399383899,3.55351588,1.767325816,2.939188856,5.29440373,0.1247388134,0.1276400306
0.9856,0.7797728538,-3.399225874,3.554227453,1.767546961,2.939340527,5.294334121,0.124752718,0.1276620486
0.992,0.7778803758,-3.398203722,3.554621296,1.767557149,2.939280706,5.294311137,0.1247468002,0.1276446758
0.9984,7.323021087,-18.22024989,6.051848617,5.668214352E-6,2.579016667,4.967109118,0.04705085763,-0.2067749436
1.0048,1.596489543,0.5748915099,0.2779211785,-2.63026172E-7,1.297450494,6.728570825,0.002814947153,0.03888584407
1.0112,-0.4206864758,1.823808167,-0.1373597414,2.145247755E-6,0.615874019,5.588277663,-0.007456641721,-0.004436367512
1.0176,11.62817426,-18.74451874,7.672543536,2.328840831E-7,0.1899896441,6.82828684,0.06938113157,-0.2142574658
1.024,14.81061537,-6.932957717,10.51295644,-3.278185168E-7,-0.1800507318,6.509825894,0.08031302089,0.1251845354
1.0304,4.007450723,-11.42404213,7.317712159,2.162905272E-7,0.155494763,5.708888853,-0.02867477221,-0.1066372881
1.0368,-0.1465852871,-0.1475367273,-0.004593212002,-1.663068302E-7,0.1407363999,6.984864457,-0.001179651867,0.005316137121
1.0432,1.350874703,-1.724404116,3.070071848,1.486441983E-7,0.09099487836,6.34970278,0.0705405024,0.05165489001
1.0496,11.6734879,-12.92251413,7.831010751,-1.775712137E-6,0.4535749438,6.190209657,0.03363489558,-0.1551897333
1.056,9.658090695,-6.614007923,9.278701748,-1.5100353E-7,0.4929588484,6.072991911,0.007846571943,0.1424184043
1.0624,0.08843637521,0.5007986605,0.01391475688,-2.051686301E-9,0.7415222511,5.289535464,0.00393872383,0.004940115199
1.0688,-0.6550158303,-3.441955063,1.966739806,9.185517396E-8,1.177254203,6.326736711,0.03539906458,-0.08368385924
1.0752,6.054133247,-6.679394156,9.903008328,5.736195718E-7,1.338017302,5.838793718,0.08477574522,0.1139257802
1.0816,-1.994907232,2.036926636,10.79266725,0.713233999,3.264019265,4.197588116,-0.03053403837,0.06455446763
1.088,-1.913099397,1.180579563,8.002135693,0.9856851258,5.419887074,2.96390736,0.1997205809,0.2400555533
1.0944,-3.918522967,1.161141152,6.350126575,1.182015704,6.750497395,2.139437679,-0.09687480032,0.23848677
1.1008,-1.34967407,-1.60892873,5.453190122,1.316585538,7.295977644,2.01218751,0.1169472662,0.01694695934
1.1072,1.100845133,-2.198164674,4.897825747,1.436133038,6.685375523,2.463901837,0.1089926154,0.3063750917
1.1136,2.449887489,-3.238197727,4.4655643,1.520775984,5.690172291,2.970223879,-0.08180080514,0.06938885882
1.12,6.379523329,-4.081492633,4.209325365,1.583523239,4.090543179,3.65226481,0.2176222538,0.09277301567
1.1264,7.124715301,-3.497803555,4.023477821,1.638334905,2.196786826,4.178770486,-0.01484756662,0.2614687732
1.1328,7.391799873,-3.986477624,3.881459419,1.674270307,0.734826703,4.533962543,0.04927149489,-0.03467676312
1.1392,7.725730329,-3.656771594,3.806273591,1.702402916,-0.4989608503,4.842356634,0.2077673043,0.2136076223
1.1456,5.04595395,-3.481663662,3.70528303,1.73237133,-1.047094256,4.996087655,-0.06271494905,0.1241234597
1.152,3.625140951,-3.655377531,3.621006572,1.756034853,-0.870466731,5.108388075,0.2123436576,0.008198650532
1.1584,1.156301887,-2.761389941,3.560789738,1.773869639,-0.2629975276,5.116265045,0.09424112444,0.2700048228
1.1648,-1.334878926,-2.477213761,3.52697363,1.777085251,0.8975957847,4.93680356,0.0250119216,-0.006032187181
1.1712,-2.084487185,-1.884345216,3.571868556,1.76197585,2.157359921,4.691804895,0.2622893928,0.1513889775
1.1776,-3.528499622,-1.194762154,3.647583972,1.735677277,3.389903701,4.336974171,-0.01107723629,0.1866845524
1.184,-3.344075919,-1.470703288,3.750521786,1.702517886,4.481050301,3.99519953,0.1700919642,-0.01942561179
1.1904,-2.800241064,-1.333850589,3.844946801,1.675789507,5.180402473,3.785077867,0.1739271894,0.2516088144
1.1968,-2.360807141,-1.892204844,3.897165831,1.659965759,5.573385458,3.679642908,-0.007932945248,0.05556508585
1.2032,-0.6459672642,-2.58760748,3.922505039,1.656188492,5.567670707,3.768346011,0.2566913565,0.07959057282
1.2096,0.4193471502,-2.857483856,3.906042804,1.664855731,5.175338414,3.989062801,0.0463298421,0.2410861954
1.216,1.74219626,-3.598816821,3.85844458,1.679359768,4.547903005,4.273315484,0.09282833201,-0.01742191578
1.2224,3.165192554,-3.686977485,3.801736033,1.697532241,3.70579406,4.601062328,0.2320595556,0.2043019961
1.2288,3.458387004,-3.81054109,3.734702256,1.717851077,2.836787017,4.883500282,-0.01829581007,0.1347445309
1.2352,3.954326217,-4.011338563,3.673911047,1.736726796,2.089286989,5.11378052,0.213969618,0.01918561885
1.2416,3.620842464,-3.677747367,3.621746652,1.753516416,1.520295748,5.28524391,0.1211842073,0.259258306
1.248,2.744272256,-3.774006006,3.570949342,1.767765119,1.253764462,5.376586427,0.03419080796,0.02046709081
1.2544,2.150113591,-3.505795383,3.533706676,1.778435289,1.270303146,5.409891237,0.2593234808,0.1414729491
1.2608,0.8702893824,-3.161259217,3.509899781,1.785202743,1.530761516,5.374092173,0.01573185629,0.2003811205
1.2672,0.1011258452,-3.133532185,3.502622475,1.786305868,1.991745932,5.276336367,0.1610588603,-0.001787454092
1.2736,-0.4867686333,-2.676150362,3.517522288,1.780847891,2.528477531,5.146664989,0.1869962611,0.2441615491
1.28,-1.116380497,-2.673940378,3.546608463,1.770750583,3.072192642,4.995979471,0.00725146551,0.07952514104
1.2864,-0.9372081719,-2.672529255,3.587629652,1.758179521,3.544245746,4.862429763,0.2479315147,0.08385204262
1.2928,-0.9332686571,-2.574342853,3.630315398,1.745929742,3.873730516,4.772617444,0.06635513443,0.2397836462
1.2992,-0.550307767,-2.965859665,3.660913897,1.736622118,4.048456229,4.734306664,0.09592271699,0.005258938273
1.3056,0.1574350222,-3.001362252,3.678787448,1.731638202,4.049727388,4.760076446,0.2281034295,0.198230668
1.312,0.5065837523,-3.246403973,3.680584689,1.732181296,3.892993384,4.83623219,0.001089215172,0.144430391
1.3184,1.25336978,-3.549986161,3.667091005,1.737144435,3.624257102,4.944231725,0.203102273,0.03344490788
1.3248,1.654726695,-3.467082009,3.643963946,1.74470143,3.281183688,5.069933054,0.1271886034,0.2498520979
1.3312,1.817645279,-3.738168387,3.611434543,1.754166366,2.925805346,5.189466962,0.03870602191,0.03973716372
1.3376,2.114649671,-3.677953362,3.577580672,1.764225769,2.615512207,5.290743973,0.2435245706,0.1359634671
1.344,1.810009711,-3.57996629,3.547484486,1.773748578,2.382326325,5.36742079,0.02877071405,0.2005319093
1.3504,1.640520205,-3.703546918,3.518877773,1.78198745,2.25952056,5.410557654,0.145832015,0.010527361
1.3568,1.3518222,-3.40815457,3.497224394,1.787762027,2.250441487,5.423712284,0.1856556956,0.2283941298
1.3632,0.7930652017,-3.431655083,3.483121741,1.791355748,2.337753999,5.409011967,0.01373589862,0.09326366558
1.3696,0.6382902161,-3.352712298,3.47769083,1.792639226,2.505445472,5.369204602,0.2312519279,0.08038333185
1.376,0.2288965434,-3.122335825,3.483360874,1.790835471,2.71234123,5.317919522,0.07941140678,0.233102557
1.3824,0.04097616878,-3.275190461,3.493720538,1.786873012,2.925482964,5.261426146,0.09174928071,0.0201852393
1.3888,0.116676264,-3.108192271,3.509617204,1.781429481,3.120022189,5.209965769,0.2228345968,0.1858504311
1.3952,-0.02993967795,-3.162585132,3.528822788,1.775958916,3.262737787,5.175194856,0.01641582645,0.1499683897
1.4016,0.25325788,-3.321198597,3.544263978,1.771501238,3.346981784,5.157085226,0.1921837318,0.04025622512
1.408,0.2158638295,-3.107606313,3.574451418,1.760619829,3.384650112,5.149620035,0.1331952732,0.2355088677
1.4144,0.09649169936,-3.280149968,3.627255682,1.74427032,3.442281901,5.131526826,0.0417958637,0.05289150737
1.4208,0.4949100503,-3.312881971,3.617022177,1.751092405,3.470212484,5.128016492,0.2298410848,0.1258898265
1.4272,0.6913801854,-3.373794153,3.579079214,1.759115594,3.390016569,5.166010793,0.04274867568,0.1970849218
1.4336,1.090566916,-3.650260622,3.552835736,1.76796061,3.223552787,5.228178236,0.1336166263,0.01963594684
1.44,1.407033911,-3.547426869,3.531393195,1.775107543,3.018293925,5.300330625,0.1850049113,0.2104281129
1.4464,1.402235042,-3.693703539,3.513076005,1.780850936,2.804743118,5.372981938,0.02127125432,0.1034409482
1.4528,1.586713415,-3.728737875,3.497286957,1.785609799,2.627811813,5.430733521,0.2140938709,0.07396509768
1.4592,1.382238363,-3.560114012,3.487749716,1.788655907,2.510354092,5.47193679,0.09212829484,0.2231870347
1.4656,1.16621408,-3.689953768,3.480616438,1.790125046,2.461662965,5.492021653,0.08499903032,0.03236110164
1.472,1.044456311,-3.49321289,3.479070946,1.789769567,2.493139167,5.488339877,0.2171987042,0.169064393
1.4784,0.6195040348,-3.435557136,3.48619948,1.787709876,2.584440752,5.468300694,0.03027566264,0.1552451274
1.4848,0.5094727848,-3.474441892,3.497569142,1.784326481,2.721243663,5.431781565,0.1785040824,0.04268538172
1.4912,0.318157167,-3.250927287,3.514089996,1.779039825,2.881887395,5.38829134,0.1433394729,0.2238219228
1.4976,0.1355882193,-3.375304374,3.531905044,1.773136341,3.034075023,5.346622126,0.04996927003,0.06704326875
1.504,0.2858104562,-3.325668364,3.550044744,1.767630598,3.166640483,5.309231432,0.2222161647,0.1216390519
1.5104,0.2148723666,-3.284042557,3.568385929,1.76291322,3.25651577,5.287133343,0.05852947227,0.1953918394
1.5168,0.3965512086,-3.484021004,3.579711254,1.75964536,3.294732314,5.280061093,0.1301051973,0.03296973942
1.5232,0.6260949047,-3.383580564,3.585712025,1.757561469,3.286840715,5.288207145,0.1841316971,0.2004224173
1.5296,0.6706616657,-3.529929094,3.587473586,1.757338975,3.229332343,5.312710853,0.03280969864,0.1128175438
1.536,0.9838120808,-3.616885498,3.584203323,1.758839682,3.141638719,5.344058298,0.2021981263,0.0774254213
1.5424,1.030654166,-3.525477241,3.578988643,1.760923291,3.036628332,5.38139785,0.1002528171,0.2158098671
1.5488,1.084415977,-3.710883219,3.569281668,1.763496638,2.926084962,5.41867836,0.083729444,0.0461193815
1.5552,1.22558142,-3.609759163,3.559300047,1.766146803,2.834776758,5.448760451,0.2082175393,0.1605637187
1.5616,1.045137581,-3.604912168,3.552585838,1.768640162,2.76582269,5.473034149,0.04068721188,0.1583051131
1.568,1.067775002,-3.68529184,3.546070187,1.77080128,2.729789986,5.485294291,0.1663945935,0.0492751993
1.5744,0.9511102081,-3.498236648,3.54236122,1.771581459,2.731113077,5.487329364,0.1456998608,0.2128723141
1.5808,0.7450312877,-3.593865644,3.540826604,1.771537967,2.758781147,5.481610507,0.05330015968,0.07824297377
1.5872,0.7763071999,-3.525410679,3.542498413,1.770928223,2.814588803,5.46594121,0.2107688508,0.1169275138
1.5936,0.5649819486,-3.428499814,3.548907501,1.769535028,2.882642293,5.448039611,0.06894602462,0.1922771932
1.6,0.5448360732,-3.552818771,3.554329571,1.767729255,2.951142939,5.428554553,0.1241095637,0.04300012637
1.6064,0.5867705382,-3.408947183,3.560144254,1.76543731,3.016607207,5.4102607,0.1817598564,0.1897645355
1.6128,0.4779745639,-3.485502241,3.566627908,1.763607241,3.062325587,5.399071282,0.04202744395,0.1194699997
1.6192,0.6532365283,-3.539879879,3.571200986,1.762638108,3.089671833,5.391893166,0.1915894144,0.07913946555
1.6256,0.6529304044,-3.439830486,3.574809334,1.761963783,3.0951129,5.392983619,0.107517112,0.2078537716
1.632,0.7008098463,-3.608490478,3.573692117,1.76195466,3.075481782,5.401285591,0.08419836248,0.05718934552
1.6384,0.8883267067,-3.542526896,3.57052457,1.762645326,3.043671928,5.412617591,0.2008907907,0.1530674404
1.6448,0.8209576348,-3.558517994,3.567827907,1.764024078,2.998257418,5.429240751,0.05112348386,0.1594716939
1.6512,0.9489606015,-3.669369569,3.562378571,1.765978446,2.949037589,5.445067611,0.1575501078,0.05564351415
1.6576,0.9675539958,-3.534698062,3.556462322,1.767511259,2.905906554,5.459657971,0.1475754779,0.2026817627
1.664,0.8778728138,-3.644565496,3.550092052,1.769023024,2.867705976,5.47284758,0.05779266107,0.08739313302
1.6704,0.9791277066,-3.612685981,3.544765793,1.770589662,2.846638958,5.479439921,0.2005713916,0.113285834
1.6768,0.8305244054,-3.52891069,3.542781112,1.771710331,2.839676363,5.483139035,0.07810943361,0.1884806326
1.6832,0.8034879159,-3.642015307,3.539954801,1.772368649,2.844990359,5.4819703,0.1191831804,0.05197280642
1.6896,0.8127799797,-3.50478323,3.538353135,1.772210593,2.866589763,5.476034128,0.1791022945,0.1799875821
1.696,0.6518687009,-3.546133685,3.539349534,1.771858447,2.892924646,5.469589639,0.05038646214,0.1249468436
1.7024,0.72981284,-3.577966975,3.541001439,1.771611215,2.924888238,5.459829576,0.1820576527,0.08068242939
1.7088,0.6562588031,-3.458268633,3.544224517,1.770886568,2.956739622,5.451340767,0.1139911207,0.200385994
1.7152,0.6205570691,-3.585135529,3.545370416,1.770060395,2.979796132,5.445218792,0.08514890431,0.06696731296
1.7216,0.7378867255,-3.515143028,3.546146964,1.769436323,2.998917842,5.439747036,0.1945523144,0.1465302202
1.728,0.6467670141,-3.512555441,3.548317438,1.769241611,3.005839839,5.439303549,0.06103950011,0.1601060589
1.7344,0.7493095531,-3.615040202,3.54812692,1.769598496,3.002340562,5.440593799,0.1506792456,0.06183267147
1.7408,0.7900336439,-3.499740935,3.546795143,1.769745901,2.992624221,5.44449937,0.1493164099,0.1936826436
1.7472,0.7418621129,-3.604875464,3.543985046,1.770189991,2.972584641,5.451875325,0.06304236724,0.09536960685
1.7536,0.8823267836,-3.598380146,3.540766144,1.771157288,2.952402381,5.458010338,0.1918199254,0.1109991545
1.76,0.8068715989,-3.53320684,3.539177566,1.772184343,2.931276915,5.465621897,0.08634370644,0.1846030192
1.7664,0.8261044264,-3.65094578,3.53548672,1.773156226,2.910495823,5.472103888,0.1156842011,0.0604555266
1.7728,0.8804488299,-3.543147847,3.531698856,1.773672962,2.898448562,5.47595854,0.17609224,0.1715521692
1.7792,0.760047158,-3.580875787,3.52973454,1.774196397,2.889768799,5.479645467,0.05810545283,0.129362362
1.7856,0.8353449192,-3.61832553,3.528250982,1.77488825,2.889520965,5.479296692,0.1733735624,0.08261390074
1.792,0.7672254638,-3.50463224,3.528451364,1.775021159,2.896647846,5.477745138,0.1191469581,0.193312115
1.7984,0.7072557177,-3.609391966,3.527514432,1.774766329,2.905360885,5.475481809,0.08613827096,0.07565413719
1.8048,0.7844388606,-3.542540596,3.527204712,1.774402234,2.920932626,5.470543516,0.1883075978,0.1408188753
1.8112,0.6684677998,-3.521990962,3.529432939,1.774104661,2.935465816,5.467077659,0.06977077281,0.1601886936
1.8176,0.7202864108,-3.607059201,3.530623514,1.773994518,2.948126624,5.462912918,0.1446265255,0.06756869292
1.824,0.7341115372,-3.494792702,3.531487352,1.773411634,2.960191885,5.459554399,0.1504580142,0.1854499729
1.8304,0.6676414237,-3.578527195,3.531648507,1.772929121,2.964603062,5.458971457,0.06816469532,0.1022023975
1.8368,0.7852464122,-3.576763062,3.531690102,1.772928457,2.967131148,5.457849185,0.1839922536,0.1093644141
1.8432,0.7245538573,-3.514100141,3.533077794,1.77305177,2.964643833,5.459387711,0.09362845359,0.1806550662
1.8496,0.7491101914,-3.624637374,3.53205587,1.773223783,2.956047336,5.462000422,0.1132302356,0.06822764803
1.856,0.8237795436,-3.537780223,3.530213047,1.773183189,2.948252712,5.464362193,0.1729979218,0.1642194349
1.8624,0.7396868594,-3.57308338,3.529472751,1.773396909,2.936728331,5.468678426,0.06535566713,0.1327961639
1.8688,0.8292066452,-3.619688886,3.528496471,1.774000502,2.926814602,5.471152455,0.1657502809,0.08488657631
1.8752,0.795563951,-3.521600662,3.528291563,1.774241851,2.919744058,5.473627452,0.1232367719,0.1866215068
1.8816,0.7530159902,-3.618219613,3.52662303,1.774219876,2.912315598,5.476062201,0.08741609046,0.08331336021
1.888,0.833666835,-3.566288461,3.525376059,1.77419539,2.911577442,5.47585129,0.1821864238,0.1359853496
1.8944,0.731971418,-3.541680944,3.526594436,1.774227358,2.912625566,5.476116613,0.07738160909,0.1596922198
1.9008,0.7666875035,-3.619013524,3.527055757,1.774320663,2.915763918,5.474618589,0.1392472663,0.07291843647
1.9072,0.7725224801,-3.514927173,3.527435148,1.773827123,2.923270447,5.472285085,0.1508475163,0.1778811706
1.9136,0.6942176831,-3.58063326,3.527847141,1.7732903,2.928811024,5.471000694,0.07289145783,0.1079703921
1.92,0.7825086307,-3.579655633,3.528750548,1.773082997,2.936769205,5.467936291,0.1767356078,0.1081554292
1.9264,0.716523067,-3.514006993,3.531254435,1.772846154,2.943459251,5.466260724,0.09985940182,0.1766532861
1.9328,0.721645015,-3.609953728,3.531749693,1.772514842,2.946103685,5.465201735,0.1113610926,0.07521479652
1.9392,0.7864913811,-3.533456049,3.531612617,1.771985763,2.949555329,5.463865852,0.1698259645,0.1577409107
1.9456,0.7092702807,-3.559208645,3.532681892,1.771738096,2.948372553,5.464741876,0.07203394797,0.1354075773
1.952,0.7903599575,-3.606848681,3.533354111,1.771906663,2.94587696,5.46482415,0.1590894953,0.08729634887
1.9584,0.7735478053,-3.519376513,3.534197601,1.771790008,2.942807985,5.465844353,0.1265184046,0.1803620612
1.9648,0.7425532945,-3.607282395,3.533361568,1.771541936,2.935964211,5.467969258,0.08901460804,0.09003927136
1.9712,0.8293128304,-3.569483655,3.532668532,1.771466123,2.931994286,5.468613143,0.1764092023,0.1319962024
1.9776,0.7513480085,-3.545396168,3.53396371,1.771550022,2.927376801,5.470360197,0.08409994471,0.1587597785
1.984,0.7872119804,-3.620043218,3.534154414,1.771718542,2.923017903,5.471040407,0.1346628433,0.07796540487
1.9904,0.8038587839,-3.529396298,3.533907927,1.771382718,2.92238088,5.470975547,0.1506577086,0.1710367997
1.9968,0.7336609053,-3.584780582,3.533872478,1.77106257,2.920811776,5.471639897,0.07730928904,0.1128164452
2.0032,0.8104647097,-3.588481567,3.534448385,1.771050396,2.922902817,5.470201754,0.170042064,0.1073984002
2.0096,0.7499057083,-3.523948987,3.536501037,1.77092916,2.926160775,5.469275183,0.1050985335,0.1726840626
2.016,0.7427589064,-3.607800619,3.536781504,1.770607956,2.928048189,5.468272714,0.1099278325,0.08150016388
2.0224,0.7966801272,-3.53996942,3.536747156,1.770088415,2.932982321,5.466261865,0.1665660193,0.1520479355
2.0288,0.7189797214,-3.555383532,3.538258986,1.769795506,2.935704838,5.465666125,0.07807057565,0.1373537134
2.0352,0.781602965,-3.599868774,3.539523658,1.769821688,2.938213098,5.464069301,0.153217749,0.08974838052
2.0416,0.7663807213,-3.518367774,3.54076844,1.769511695,2.940705008,5.463146103,0.1291063131,0.1745646284
2.048,0.733042821,-3.594387787,3.540550073,1.76909524,2.939436697,5.463415069,0.09080292507,0.09593648167
2.0544,0.8129863687,-3.565274152,3.540562094,1.76891792,2.93971087,5.46263323,0.171052206,0.128735501
2.0608,0.7475822637,-3.539696111,3.542304789,1.768925091,2.938057487,5.463259523,0.09006365852,0.157550658
2.0672,0.7801599623,-3.610013052,3.542690859,1.769008207,2.934766139,5.463544742,0.1308720178,0.08272099282
2.0736,0.8054707767,-3.531583795,3.542325343,1.768686142,2.933265837,5.463600364,0.1501161503,0.1649435375
2.08,0.7464588208,-3.579129509,3.542213621,1.768481375,2.929639881,5.464749984,0.08152017265,0.1168975137
2.0864,0.8192322502,-3.588450071,3.542592377,1.768622987,2.928237214,5.464298402,0.1640125532,0.1070961629
2.0928,0.7716966567,-3.528173909,3.544051139,1.768656528,2.927579298,5.464372597,0.1095318375,0.1688558725
2.0992,0.7629861627,-3.603662406,3.543709806,1.768479913,2.92572371,5.464426655,0.1089536649,0.08718847829
2.1056,0.8145588811,-3.545963443,3.543152056,1.768170252,2.927274805,5.463319218,0.1633162438,0.1471377915
2.112,0.7427918152,-3.554468787,3.544262589,1.768074624,2.927933068,5.463158686,0.08352645938,0.1387742911
2.1184,0.7924459008,-3.596612663,3.545174282,1.768223588,2.929378767,5.461798661,0.148072312,0.09224158788
2.1248,0.7787695258,-3.521031798,3.545929054,1.76798675,2.932073374,5.46063064,0.1310988294,0.1692578598
2.1312,0.7415297726,-3.585680152,3.545537629,1.767635428,2.932412582,5.46028672,0.09269719031,0.1011136868
2.1376,0.8103481145,-3.562541498,3.545596793,1.767524665,2.934834099,5.458746445,0.1661110609,0.126111952
2.144,0.7501402242,-3.53434465,3.547320597,1.767560416,2.935996577,5.458326447,0.09534258242,0.1561752803
2.1504,0.7735060252,-3.598344671,3.547675559,1.767609447,2.935496086,5.457705901,0.1277741669,0.08718121741
2.1568,0.7997763314,-3.529123359,3.547209903,1.767293719,2.936302388,5.456947388,0.1493516795,0.1595633699
2.1632,0.7461316213,-3.568434685,3.547148474,1.767138079,2.934634672,5.457392046,0.08553850888,0.1203389169
2.1696,0.8119266236,-3.581336254,3.547531221,1.767339019,2.934038863,5.456660089,0.1586657512,0.1071820034
2.176,0.7746919515,-3.525147284,3.548668843,1.76743366,2.933363811,5.456613444,0.1133203737,0.1652355365
2.1824,0.765936426,-3.593257077,3.547980955,1.767326141,2.930777142,5.456866067,0.1084316942,0.09234619479
2.1888,0.8174861365,-3.545344455,3.547085263,1.767160742,2.930722746,5.456196042,0.1601854761,0.1429673496
2.1952,0.7550973183,-3.549378151,3.547822485,1.767227388,2.929664244,5.456448308,0.08849379714,0.1397792422
2.2016,0.7976878812,-3.590316475,3.548298928,1.767510435,2.92911109,5.455687382,0.1436360923,0.09477017147
2.208,0.7892578283,-3.52175256,3.548427323,1.767400735,2.929974419,5.45498167,0.1326124353,0.1644477633
2.2144,0.7525042533,-3.577361867,3.547613861,1.76718525,2.929154626,5.454938363,0.09467577367,0.1056601434
2.2208,0.8134192201,-3.55997483,3.547378198,1.767215467,2.930717216,5.453624917,0.1615816372,0.124055753
2.2272,0.7588845708,-3.530296016,3.548738155,1.767360973,2.931837644,5.453098444,0.1000006754,0.1546980702
2.2336,0.7738888476,-3.588149379,3.548790899,1.767456564,2.931857693,5.45231012,0.1252688261,0.09134850126
2.24,0.7987996281,-3.526756014,3.548054026,1.767198,2.933531414,5.451224859,0.1484201523,0.1548307267
2.2464,0.7476924005,-3.558179673,3.547913249,1.767099856,2.933313486,5.451157815,0.08933969334,0.1232256846
2.2528,0.8040923348,-3.57292141,3.548267029,1.767339185,2.934009323,5.45003254,0.1539410753,0.1075684919
2.2592,0.7728106546,-3.519965502,3.549201851,1.76745213,2.934589751,5.449522239,0.1165520724,0.1618356112
2.2656,0.7617972415,-3.580527507,3.548393257,1.767347426,2.933104782,5.449447292,0.1082865811,0.09700468324
2.272,0.8110280463,-3.540702993,3.547425707,1.767228342,2.933542802,5.448619944,0.1572152187,0.1394446721
2.2784,0.756382939,-3.540969675,3.548057697,1.767351117,2.932769246,5.448726897,0.09302093966,0.1404387839
2.2848,0.7929932647,-3.580485867,3.548386527,1.767672054,2.931913604,5.448096003,0.1398534944,0.09729264543
2.2912,0.7899897481,-3.518897696,3.548196653,1.767606675,2.93207862,5.447569205,0.1337397632,0.1601029724
2.2976,0.7558970832,-3.567072765,3.547194331,1.767451989,2.930547038,5.447744138,0.09671479721,0.109635842
2.304,0.8116963251,-3.555222955,3.546813281,1.767561317,2.931049497,5.446776776,0.1574547248,0.1224855216
2.3104,0.7645470825,-3.525449387,3.547909857,1.767778351,2.931308912,5.446457459,0.1041004832,0.1531518105
2.3168,0.774452043,-3.578132,3.547730896,1.767904532,2.930622849,5.445923907,0.1232735133,0.09521961766
2.3232,0.7992751293,-3.524321121,3.546772504,1.767691881,2.931718086,5.445006283,0.1473554962,0.1506721432
2.3296,0.7516688434,-3.549243104,3.546550112,1.767639336,2.931476598,5.444921142,0.092902681,0.1256157599
2.336,0.799803358,-3.565286626,3.54687462,1.767905302,2.932230981,5.443815041,0.1497606737,0.108176475
2.3424,0.773190668,-3.515507782,3.547658629,1.768020852,2.93317788,5.443153064,0.1192753514,0.1586410834
2.3488,0.7595710268,-3.568890143,3.546822023,1.767892933,2.93236162,5.442906676,0.1084238982,0.1011820521
2.3552,0.8050440044,-3.535771679,3.545914341,1.767773882,2.933352132,5.441931589,0.1543965171,0.1364676595
2.3616,0.7560871875,-3.532650205,3.546607034,1.767893495,2.933322452,5.441781436,0.09711832178,0.1407952963
2.368,0.786231306,-3.570119436,3.546999949,1.768183829,2.932977106,5.441052687,0.1366315169,0.09975514966
2.3744,0.7868197022,-3.514768884,3.546757419,1.768086588,2.933432691,5.44043411,0.1345324199,0.1561708489
2.3808,0.7550047052,-3.556241562,3.545834066,1.767912465,2.93219217,5.440544697,0.09876588112,0.113082157
2.3872,0.8059857908,-3.54904883,3.545570775,1.768019591,2.93254687,5.439671328,0.1536991868,0.1213101791
2.3936,0.7658816037,-3.519780738,3.546656111,1.768232314,2.932595748,5.439394516,0.1076888369,0.1515533406
2.4,0.7724060097,-3.567835169,3.546467909,1.76832361,2.931561859,5.43903038,0.1217073054,0.09878491761
2.4064,0.7979105191,-3.521230568,3.545492022,1.76810219,2.932111026,5.438302556,0.1461851453,0.1470148825
2.4128,0.7549187347,-3.540967081,3.545345461,1.768053076,2.931545847,5.438317813,0.09621434157,0.1275569163
2.4192,0.7967335412,-3.558126065,3.545759901,1.768312464,2.931844361,5.437409183,0.1460575055,0.1089395012
2.4256,0.7750466627,-3.511839333,3.54648774,1.76840318,2.932477148,5.4368313,0.1215332108,0.1556353032
2.432,0.7601366274,-3.558901608,3.54569336,1.768234775,2.931610778,5.436647532,0.1087656021,0.1048987692
2.4384,0.8022145137,-3.531724674,3.54492009,1.768101693,2.932517243,5.435734968,0.1517138364,0.1339507706
2.4448,0.7583870412,-3.525893326,3.545743961,1.768203202,2.932714514,5.4354996,0.1007921196,0.1408850626
2.4512,0.7825384646,-3.561048522,3.546265381,1.768441664,2.932590683,5.434765511,0.1338790852,0.102116739
2.4576,0.785532163,-3.511337985,3.546056231,1.768287179,2.933274825,5.434086294,0.1350238386,0.1526040193
2.464,0.7554832568,-3.546711355,3.545317209,1.768070547,2.932472095,5.434090501,0.1007774923,0.1160393677
2.4704,0.8013056794,-3.543179072,3.545297872,1.768146594,2.933027959,5.433206725,0.1502746927,0.120450216
2.4768,0.7669250492,-3.514566692,3.546500356,1.768318785,2.933304004,5.43284701,0.1108014286,0.1499192437
2.4832,0.7704265117,-3.558146075,3.546416499,1.768337333,2.932415942,5.432501471,0.1204919793,0.10204055
2.4896,0.796156361,-3.518009595,3.545555284,1.768075992,2.932893625,5.431826148,0.144933013,0.1437969764
2.496,0.7576516727,-3.533378863,3.545611486,1.768005965,2.932363987,5.431836208,0.09926687077,0.1290987231
2.5024,0.7940865712,-3.55125118,3.546215953,1.768234664,2.932450535,5.431051089,0.1427774859,0.109805851
2.5088,0.7771135276,-3.508543996,3.546956439,1.768277444,2.932838894,5.430545757,0.1233740648,0.1528117708
2.5152,0.7619929181,-3.550062201,3.54624802,1.768059931,2.931840577,5.430450079,0.1092556133,0.1081845655
2.5216,0.8012871092,-3.52820667,3.545654309,1.76791443,2.93246971,5.429661633,0.1491650144,0.1318302724
2.528,0.7625549168,-3.520383183,3.546629158,1.768002556,2.932581978,5.429439166,0.1040620738,0.1407508323
2.5344,0.781814265,-3.55322467,3.547258244,1.768192162,2.932344963,5.428797271,0.1315287708,0.1043566519
2.5408,0.7869011683,-3.508797168,3.547057368,1.767988464,2.932934124,5.428159151,0.1352532285,0.1493727032
2.5472,0.7587467754,-3.53880299,3.546484491,1.76774762,2.932291986,5.428135852,0.1027161811,0.1185562524
2.5536,0.7995853403,-3.538178866,3.546694612,1.767808098,2.932881027,5.427285363,0.1471517867,0.1198488319
2.56,0.7699583468,-3.510368464,3.547987764,1.767947683,2.93329855,5.426866761,0.113477707,0.1482744759
2.5664,0.7707176484,-3.549636461,3.547967913,1.767900336,2.932590829,5.426519024,0.119564877,0.1049968277
2.5728,0.796023363,-3.515188572,3.547212837,1.767611323,2.933138139,5.425848597,0.1436257932,0.1409732516
2.5792,0.7613678422,-3.526749989,3.547471045,1.767532887,2.932831045,5.425788786,0.1020616587,0.1302964811
2.5856,0.7926897436,-3.544820581,3.548250635,1.767737177,2.932945639,5.425043324,0.139878722,0.1107405046
2.592,0.7796211138,-3.505531752,3.548977991,1.767734225,2.933316817,5.424539887,0.1248513806,0.1501744583
2.5984,0.7646214745,-3.542042153,3.548330576,1.767480155,2.932383221,5.424463517,0.1098552631,0.1110784823
2.6048,0.8012172926,-3.524793877,3.547903013,1.767338368,2.932890412,5.423745723,0.1467593035,0.1300594396
2.6112,0.767192491,-3.515491133,3.548995226,1.767428369,2.932974019,5.423515597,0.1069608246,0.1404413643
2.6176,0.7824081321,-3.546022896,3.549665521,1.76758274,2.932620508,5.4229583,0.1295345558,0.1064696689
2.624,0.7893535771,-3.506534289,3.549410008,1.767350509,2.93304561,5.422381595,0.1352696966,0.1464607286
2.6304,0.763325642,-3.531884862,3.548940621,1.767114885,2.932431869,5.422363953,0.1045687331,0.120688242
2.6368,0.7996434932,-3.533600659,3.549305412,1.767187114,2.932909633,5.421582935,0.144316162,0.1194675629
2.6432,0.7742250612,-3.50679285,3.550596782,1.767317703,2.933298942,5.421155495,0.1157664891,0.1466500163
2.6496,0.7727834978,-3.542032417,3.550539444,1.767231577,2.932630397,5.42083949,0.1188828519,0.1076756691
2.656,0.7973444785,-3.512625544,3.549814057,1.766946344,2.933152944,5.420198147,0.1422956118,0.1385116664
2.6624,0.7660784479,-3.520912817,3.55019353,1.766888377,2.932999815,5.420082829,0.1046114707,0.1312076402
2.6688,0.7925928861,-3.538775188,3.551055638,1.767091566,2.933143228,5.419367424,0.1373302339,0.1117218326
2.6752,0.7826330012,-3.502702075,3.551683688,1.767063622,2.933538356,5.418851994,0.1260206543,0.1477317678
2.6816,0.7678137186,-3.534646508,3.55102599,1.766799436,2.932748177,5.41876242,0.1105383519,0.1136237844
2.688,0.8015581009,-3.521287426,3.550702842,1.766684289,2.933249024,5.418074069,0.1445093801,0.1286012652
2.6944,0.7715969166,-3.510859981,3.551839661,1.766794906,2.933403632,5.417803655,0.1095266005,0.1400042843
2.7008,0.7832550509,-3.539051477,3.552468658,1.766931103,2.933039741,5.417291775,0.127861439,0.108458144
2.7072,0.7916140061,-3.504089448,3.552098485,1.766691964,2.933386806,5.416750381,0.1351236806,0.1438556047
2.7136,0.767696732,-3.525374941,3.551671212,1.766484306,2.932841583,5.416721729,0.1063329806,0.1224898022
2.72,0.7998632134,-3.528928777,3.552114949,1.766587545,2.933228075,5.41600002,0.141759899,0.1192763302
2.7264,0.7781771161,-3.503286337,3.553322637,1.766726607,2.933559614,5.415575286,0.1177198546,0.145074524
2.7328,0.7750724199,-3.534814949,3.553150268,1.766624625,2.932880996,5.415301873,0.1184147805,0.110102202
2.7392,0.7987559145,-3.509896815,3.552392972,1.766366748,2.933318401,5.414707963,0.1409746633,0.1363843236
2.7456,0.7706217524,-3.515440067,3.552816034,1.766349348,2.933230145,5.414563864,0.1069356108,0.1318847419
2.752,0.7928205084,-3.532836583,3.553673319,1.766569089,2.933334402,5.413896299,0.1351066312,0.1127341507
2.7584,0.7854326268,-3.499822896,3.554131933,1.766534782,2.933694071,5.413390791,0.1269343904,0.1454888641
2.7648,0.7709271586,-3.527653658,3.553406949,1.766281936,2.93300472,5.413297996,0.111285571,0.1158611708
2.7712,0.8017928888,-3.517573768,3.553129213,1.766208391,2.933491936,5.412640515,0.1424246375,0.1274216637
2.7776,0.7753401868,-3.506334628,3.554244743,1.766351322,2.933715649,5.412333444,0.111796357,0.1394791775
2.784,0.7838497992,-3.532194912,3.554772413,1.766481079,2.933375006,5.411854916,0.1264771801,0.1103252216
2.7904,0.7931597687,-3.501342697,3.554257631,1.766248505,2.933694391,5.4113371,0.1348582207,0.1415410396
2.7968,0.7712091988,-3.519067482,3.55383689,1.766078455,2.933259817,5.41128461,0.1080087265,0.1240078373
2.8032,0.7994948157,-3.524012228,3.554313062,1.766218155,2.933611384,5.410605462,0.1394721011,0.1192461655
2.8096,0.7810363046,-3.49963512,3.555397735,1.766370414,2.933922373,5.410178575,0.1193844985,0.1435676531
2.816,0.7766639919,-3.527749974,3.555085843,1.766261702,2.933263876,5.409938642,0.1181322118,0.1122979112
2.8224,0.7993505242,-3.506810736,3.554282332,1.766037436,2.933635921,5.409389818,0.139687727,0.1345608171
2.8288,0.7741231715,-3.510087857,3.554716122,1.766063048,2.93359636,5.409226139,0.1090525055,0.1323702037
2.8352,0.7925300372,-3.526847392,3.555531534,1.766301481,2.933646977,5.408612666,0.1331815673,0.1137615846
2.8416,0.7873352943,-3.496757332,3.55580551,1.76626556,2.933942098,5.408133516,0.1276368064,0.1434429459
2.848,0.7733431495,-3.520930333,3.555005363,1.766029639,2.933312478,5.408051498,0.1120789773,0.1178242422
2.8544,0.801462788,-3.513633195,3.554754908,1.765997566,2.933754342,5.40743786,0.1405072831,0.126485508
2.8608,0.7781381998,-3.501884083,3.555825923,1.766171335,2.934004348,5.407114142,0.1138014722,0.1388945867
2.8672,0.7839670622,-3.525488062,3.556237969,1.766294857,2.933665659,5.406677375,0.1253483263,0.1120712673
2.8736,0.7939112343,-3.498376777,3.555590311,1.766070094,2.933948971,5.40619183,0.134505303,0.1394946623
2.88,0.7738268068,-3.513011165,3.555177497,1.765934381,2.933613571,5.406122034,0.1095934002,0.1252794028
2.8864,0.7985280651,-3.518979109,3.555678476,1.76610437,2.933943846,5.405484158,0.137435356,0.1193469203
2.8928,0.7828506911,-3.495932836,3.556643487,1.766263262,2.934247558,5.405059095,0.1207976046,0.1421386763
2.8992,0.7775322331,-3.520919142,3.556211178,1.766144961,2.933631965,5.404847539,0.1180050527,0.114278567
2.9056,0.7991196199,-3.503489575,3.555386803,1.765947624,2.933968557,5.404339323,0.1384490694,0.1330070913
2.912,0.7765600788,-3.504910859,3.555841487,1.766006624,2.933988532,5.40415815,0.1109756715,0.1326957191
2.9184,0.7916414036,-3.520904313,3.556623644,1.766254045,2.934006085,5.403595238,0.131524827,0.1147864726
2.9248,0.788313007,-3.493591983,3.556741886,1.766209003,2.934247619,5.403146772,0.1281617126,0.1415834662
2.9312,0.7750100977,-3.514532859,3.555899171,1.765983423,2.933674417,5.403078806,0.1128992964,0.1195391897
2.9376,0.8005661009,-3.50959344,3.555698172,1.765982012,2.934069613,5.402512937,0.1387519177,0.1257565936
2.944,0.7800718198,-3.497597575,3.556741698,1.766175318,2.934324752,5.402185912,0.1155666391,0.1382693657
2.9504,0.7836980498,-3.519057056,3.557060348,1.766283317,2.933973538,5.401797404,0.1244399043,0.1136940407
2.9568,0.7940844744,-3.495361629,3.55632113,1.766058724,2.934207262,5.401353807,0.1340869195,0.1376900547
2.9632,0.7758241639,-3.50734508,3.555946731,1.765947248,2.933945022,5.401277464,0.1110819706,0.1263334994
2.9696,0.7972829037,-3.514040775,3.556493545,1.766135596,2.934243914,5.400686017,0.135627321,0.1195486894
2.976,0.784038432,-3.492371396,3.557366606,1.76628906,2.934527306,5.400273361,0.1219878984,0.1407895542
2.9824,0.778086019,-3.514514119,3.55685178,1.766152681,2.933950336,5.400092389,0.1180024391,0.1160561117
2.9888,0.7985306899,-3.50017513,3.556049519,1.765971949,2.93425896,5.399625384,0.1372646619,0.1316883191
2.9952,0.7784124893,-3.500092352,3.556555533,1.766051907,2.934335448,5.399431135,0.1127144661,0.1328853795
3.0016,0.790583818,-3.51522133,3.557330691,1.766295127,2.934332708,5.398915603,0.1301040519,0.1157914454
3.008,0.7888337278,-3.490529005,3.557334437,1.766229882,2.934533626,5.39849892,0.1285345465,0.1398959443
3.0144,0.7763465719,-3.508622356,3.556493452,1.766005603,2.934024008,5.398443043,0.113726987,0.1210276503
3.0208,0.7995069395,-3.5056587,3.556378327,1.766023044,2.934387054,5.397921332,0.1371482648,0.1252003796
3.0272,0.7815536239,-3.493621648,3.557424684,1.766223062,2.93464629,5.397595252,0.1171117542,0.1376166349
3.0336,0.7833981228,-3.513055902,3.557679838,1.766304256,2.934286645,5.397253378,0.1237177007,0.1151912889
3.04,0.7940841088,-3.492472286,3.556894279,1.766071438,2.934474718,5.396853108,0.1336186702,0.1361006683
3.0464,0.7776000329,-3.502194688,3.556595202,1.765975171,2.934274034,5.39677395,0.1124692023,0.1271947249
3.0528,0.7961464985,-3.509368525,3.557214292,1.766171334,2.934538158,5.396229112,0.1340244484,0.1198246831
3.0592,0.785045446,-3.489096403,3.558022298,1.766307988,2.93478962,5.395835807,0.1229792137,0.1395193899
3.0656,0.7787491562,-3.508672741,3.557457716,1.766146719,2.934242262,5.395686546,0.1180958638,0.1176419314
3.072,0.798050731,-3.497048124,3.556715572,1.765975743,2.934521636,5.395260891,0.1361366207,0.1305725673
3.0784,0.7801616947,-3.495759274,3.557299541,1.766068434,2.934641158,5.395058056,0.1142772184,0.1329597595
3.0848,0.7898018832,-3.509953036,3.558085753,1.766297843,2.934617374,5.39458789,0.1288884721,0.1167624261
3.0912,0.7893857807,-3.487718703,3.558002813,1.766204859,2.934779456,5.394204151,0.1287764193,0.1383661955
3.0976,0.7778001687,-3.503309583,3.557195838,1.765977976,2.934332737,5.394157974,0.1145451083,0.1223101035
3.104,0.7987111794,-3.501975842,3.557192384,1.766008084,2.934673109,5.393675062,0.1356850933,0.1247869461
3.1104,0.7830077186,-3.49004976,3.558259294,1.766207036,2.934935497,5.393350803,0.1184550606,0.1369476751
3.1168,0.7834205577,-3.507576546,3.558464889,1.766254719,2.934574297,5.393050289,0.1231512269,0.1165634422
3.1232,0.7942729701,-3.489812119,3.557661725,1.766010837,2.934727668,5.39268933,0.1331135971,0.1347030721
3.1296,0.7794754468,-3.49760569,3.557460742,1.765926804,2.934586949,5.392605166,0.1137522185,0.1278863773
3.136,0.7953907617,-3.505037632,3.558163739,1.766126014,2.934821959,5.392101489,0.1326052934,0.1201533916
3.1424,0.7861612328,-3.486153592,3.558915152,1.766239622,2.935039616,5.391728528,0.1237938225,0.1383277101
3.1488,0.7797560689,-3.503420682,3.558315139,1.766052627,2.934520605,5.391607405,0.1182617405,0.1190491696
3.1552,0.7979182728,-3.494164532,3.557653018,1.765891243,2.934774462,5.39121898,0.135066758,0.1296329904
3.1616,0.7820421995,-3.491915913,3.558323361,1.765994745,2.934926492,5.391008698,0.115673885,0.1329386089
3.168,0.7894861477,-3.505126275,3.559118123,1.766206565,2.934879406,5.390580259,0.1278516932,0.1176902697
3.1744,0.7901919453,-3.485185668,3.558955049,1.766085037,2.935001622,5.390229067,0.1289073401,0.1369826886
3.1808,0.7795542012,-3.49858214,3.558193867,1.765858316,2.934612624,5.390189689,0.1153414541,0.1234077357
3.1872,0.7983465023,-3.498568398,3.558306959,1.765901808,2.934933278,5.389740189,0.1343529528,0.1244922782
3.1936,0.7846127385,-3.486865305,3.559390133,1.76609794,2.935192744,5.389418262,0.1196154414,0.1362738949
3.2,0.7838858132,-3.502603549,3.559538617,1.766111852,2.934831862,5.389153913,0.1227155029,0.1178146545
3.2064,0.7947779424,-3.487378132,3.55872595,1.765860711,2.934958328,5.388827307,0.1325844994,0.1334780702
3.2128,0.7815422653,-3.493524912,3.558625406,1.765792065,2.934875117,5.388734819,0.1149318645,0.1284316759
3.2192,0.7950636016,-3.501024207,3.559402683,1.765994985,2.935086549,5.388265681,0.1313520369,0.1205189415
3.2256,0.7874457089,-3.483495756,3.560085947,1.766085095,2.935271734,5.387911701,0.1244540319,0.1372154273
3.232,0.7811031162,-3.498688279,3.559447229,1.765877372,2.934783792,5.387813024,0.1184821562,0.1202930774
3.2384,0.7981188704,-3.491480246,3.558866507,1.765730358,2.935019731,5.387455403,0.1340579134,0.1288478264
3.2448,0.7840315675,-3.488473381,3.55961279,1.765847535,2.93519871,5.38723659,0.1169168271,0.1328413461
3.2512,0.7895682772,-3.500672353,3.560395925,1.766042668,2.935129668,5.386844781,0.1269722619,0.118570419
3.2576,0.7912021747,-3.482860526,3.560144242,1.765896814,2.935214435,5.386523902,0.1289471861,0.1357364589
3.264,0.7815192345,-3.494335518,3.559425549,1.765677288,2.93487959,5.386487689,0.1161086869,0.1243422563
3.2704,0.7983116714,-3.495368241,3.559643074,1.76573834,2.935182564,5.386066339,0.1331446665,0.1242974875
3.2768,0.7862888581,-3.483972082,3.560722317,1.765933511,2.935432518,5.385747344,0.1206127376,0.1356066309
3.2832,0.7846695759,-3.498043936,3.560794262,1.76591767,2.935071691,5.385514867,0.1223908273,0.1189519594
3.2896,0.7954864926,-3.485094204,3.559968256,1.765666586,2.935175885,5.385218448,0.1320441526,0.1324098197
3.296,0.7836741414,-3.489837438,3.559956726,1.765618884,2.935144612,5.385115663,0.1160122617,0.1288531131
3.3024,0.7950159652,-3.497246993,3.560785664,1.765828624,2.935334486,5.384676123,0.1302500903,0.1209098203
3.3088,0.7887740824,-3.481029503,3.561379709,1.765897886,2.935487243,5.38434046,0.1249818982,0.1361839498
3.3152,0.7826176878,-3.49436339,3.560692213,1.765676878,2.935031806,5.384259556,0.1187438865,0.1213897971
3.3216,0.7984798173,-3.488911967,3.560184639,1.765550474,2.935256031,5.383927251,0.1331133704,0.1281989381
3.328,0.785963536,-3.485314867,3.560986895,1.765684943,2.935457257,5.383699426,0.1180198812,0.1326860322
3.3344,0.789847472,-3.496495299,3.561732145,1.765865719,2.935368816,5.383339861,0.1262324922,0.1194012277
3.3408,0.7922338147,-3.480650409,3.561380919,1.765701465,2.935420732,5.383046951,0.1289148746,0.1346196585
3.3472,0.7834836086,-3.490446345,3.560697342,1.765496199,2.935138144,5.383010808,0.1168429005,0.1251344881
3.3536,0.7983913487,-3.492288853,3.561001273,1.765578689,2.93542625,5.382613273,0.1320542147,0.124187022
3.36,0.7878482738,-3.481264171,3.562053245,1.765774781,2.93566232,5.382298262,0.1214665908,0.134955842
3.3664,0.7855492301,-3.493795071,3.562030598,1.765733862,2.935302278,5.382094355,0.1221611655,0.1199834759
3.3728,0.7961943785,-3.482877333,3.561187622,1.765489582,2.935388428,5.381824988,0.1315041729,0.1314841042
3.3792,0.7856685467,-3.486430475,3.561251507,1.765466866,2.935402844,5.381711554,0.1169992408,0.1291710772
3.3856,0.7950366665,-3.493627993,3.562108793,1.765685538,2.935571585,5.381298698,0.1292866079,0.1213169734
3.392,0.7899689177,-3.478671713,3.56259603,1.765736238,2.935691309,5.38098201,0.1253979072,0.1352336743
3.3984,0.7840942634,-3.490348541,3.561854468,1.765508533,2.935268016,5.380916127,0.1190365651,0.1223547009
3.4048,0.7988077659,-3.486394484,3.561412759,1.765406512,2.935484041,5.380605747,0.1322355137,0.1276700322
3.4112,0.7876673507,-3.482351037,3.562252923,1.765559969,2.935701796,5.380370218,0.1189967455,0.1324880724
3.4176,0.7901328217,-3.49252627,3.562939567,1.765727371,2.935595494,5.380040379,0.125616719,0.1201821498
3.424,0.7931223558,-3.478493876,3.562485428,1.765549228,2.935618745,5.379774237,0.1288269875,0.1336240495
3.4304,0.7852694401,-3.486828953,3.561834466,1.765362486,2.935386106,5.379736626,0.1175417636,0.1258029894
3.4368,0.7984118561,-3.489280636,3.562211061,1.765467554,2.93566164,5.379360192,0.1310752737,0.1241469936
3.4432,0.7891493702,-3.478677327,3.563219114,1.765664234,2.935880854,5.379051066,0.1221949266,0.13432893
3.4496,0.7863573606,-3.489794834,3.563093903,1.765601024,2.935523153,5.378873556,0.1220123606,0.1209168619
3.456,0.7967556724,-3.48068691,3.562238066,1.765367364,2.935595685,5.378629072,0.130973772,0.130687001
3.4624,0.7873899168,-3.483238571,3.562369927,1.765370478,2.935650241,5.378505807,0.1178987106,0.1294028476
3.4688,0.7949857602,-3.490132361,3.5632402,1.765597232,2.935798374,5.378118093,0.1284490885,0.1217323561
3.4752,0.7909255357,-3.476385479,3.563613451,1.765629482,2.935885205,5.377821772,0.1257197758,0.1343630526
3.4816,0.7854097361,-3.486594243,3.5628224,1.765398599,2.935493344,5.377769458,0.1193510927,0.1232012699
3.488,0.798998753,-3.483909713,3.562446807,1.765321586,2.935703432,5.377479046,0.1314248046,0.1272455844
3.4944,0.7890654397,-3.479543794,3.563315151,1.765492667,2.93593183,5.377238278,0.1198597255,0.1322595911
3.5008,0.7903326706,-3.488744232,3.563932897,1.765645141,2.935808351,5.376937051,0.1251100396,0.1209126411
3.5072,0.7938062671,-3.47638022,3.563382963,1.765455047,2.935806304,5.376697384,0.1286969196,0.1327403479
3.5136,0.7868123357,-3.483451407,3.562770595,1.765287785,2.935620456,5.376658017,0.1182032583,0.1263634746
3.52,0.7983149456,-3.48634398,3.56321442,1.76541376,2.935884583,5.376301237,0.1302004088,0.1241643569
3.5264,0.7901655083,-3.476199684,3.564171529,1.765607944,2.936084233,5.376000501,0.1228131314,0.1337304584
3.5328,0.7870476952,-3.486031761,3.563946504,1.765522831,2.935730222,5.375848067,0.1219310924,0.1217586695
3.5392,0.797147045,-3.478532035,3.563090395,1.765300698,2.935793197,5.375626883,0.130459267,0.1300044783
3.5456,0.7888263336,-3.480247678,3.563291095,1.765327778,2.935882896,5.375495124,0.1187158131,0.1295624792
3.552,0.7948442257,-3.486770789,3.564167953,1.76555931,2.936011068,5.375131631,0.127724795,0.1221484284
3.5584,0.7916557633,-3.474179812,3.564429709,1.765571049,2.936065969,5.374857084,0.1259620907,0.1335686222
3.5648,0.7865628104,-3.483096301,3.56360231,1.765338183,2.935705167,5.374817273,0.1196789452,0.1239409999
3.5712,0.799064926,-3.481481223,3.563300027,1.765284335,2.935911424,5.374545256,0.130679658,0.1269106872
3.5776,0.7901920729,-3.476897037,3.564194648,1.765469654,2.936145322,5.374301782,0.1206193569,0.1320097238
3.584,0.7904660083,-3.485165352,3.564741427,1.765603797,2.93600528,5.374028428,0.1246979754,0.12159203
3.5904,0.7943311302,-3.474334858,3.564110064,1.765401783,2.935981208,5.373814934,0.1285349817,0.1319585209
3.5968,0.7881560306,-3.480318759,3.563548368,1.765253096,2.935838956,5.373773767,0.118825353,0.1268291467
3.6032,0.7981455322,-3.483510463,3.564060282,1.76539669,2.936092221,5.373435516,0.1294211969,0.1242269641
3.6096,0.7909678866,-3.473850907,3.564965757,1.765583855,2.9362698,5.373145524,0.1233341421,0.1331627593
3.616,0.7876734932,-3.482522897,3.564649939,1.765475938,2.935920475,5.373017013,0.1219047969,0.1225146125
3.6224,0.7974393296,-3.476448707,3.563810442,1.765264921,2.935977464,5.372817488,0.1299645431,0.1294228567
3.6288,0.7900567979,-3.477471036,3.564085392,1.765313162,2.936097589,5.372678415,0.119454953,0.1296614792
3.6352,0.7946790007,-3.483574993,3.564967002,1.765545022,2.936206175,5.372338227,0.1271010188,0.1225584061
3.6416,0.7922509994,-3.472084376,3.565123987,1.765533588,2.936230494,5.372086347,0.1261367879,0.1328457893
3.648,0.7876301602,-3.479870178,3.564276572,1.765299,2.935900643,5.372057733,0.1200122886,0.1245839536
3.6544,0.7990891918,-3.479147165,3.56405741,1.765266111,2.936105139,5.371802233,0.1299970631,0.1266515261
3.6608,0.791144887,-3.474429362,3.564979282,1.765461677,2.936340193,5.371557982,0.1212847978,0.1317454949
3.6672,0.7906117362,-3.48181535,3.565455681,1.765573793,2.936184378,5.37131146,0.1243668673,0.1222199712
3.6736,0.7947947182,-3.47239171,3.56475898,1.76535983,2.936141856,5.371123183,0.1283491926,0.1312685961
3.68,0.7893929798,-3.477443657,3.564260929,1.765228757,2.936040499,5.37107969,0.1194063534,0.1272115008
3.6864,0.7979899367,-3.480813672,3.564842852,1.765386757,2.936283324,5.370758495,0.1287289294,0.1243240619
3.6928,0.7916620722,-3.471653086,3.565696651,1.76556247,2.936436849,5.37048088,0.1237691373,0.1326269007
3.6992,0.7883197033,-3.479285395,3.565299493,1.765431251,2.936093249,5.370374748,0.1219221169,0.1231901921
3.7056,0.797727975,-3.47446953,3.564492705,1.765231317,2.936147631,5.370194703,0.1294919537,0.1289295104
3.712,0.7911798339,-3.474918728,3.564846656,1.765298335,2.936293818,5.370048923,0.1201203436,0.1297097163
3.7184,0.7945731819,-3.480569285,3.565730431,1.765526771,2.93638291,5.369730798,0.1265657763,0.1229567892
3.7248,0.7928116691,-3.470121838,3.565788136,1.765490144,2.93637823,5.369501734,0.1262540539,0.1321897441
3.7312,0.78869577,-3.476922756,3.56493541,1.765255025,2.936079337,5.369482524,0.1203444884,0.1251395123
3.7376,0.7991554162,-3.476933248,3.564806915,1.76524172,2.936283896,5.369241196,0.1293734871,0.1264559482
3.744,0.7920176064,-3.472148314,3.565754739,1.765444394,2.936516282,5.368997388,0.1218645182,0.1314727524
3.7504,0.7908424504,-3.478705933,3.566159155,1.765531782,2.936345562,5.36877622,0.1241044753,0.1227969799
3.7568,0.7952807805,-3.470569301,3.565410305,1.765306936,2.936288387,5.368611454,0.1281462038,0.1306613937
3.7632,0.7905981401,-3.47482374,3.564985615,1.765193518,2.936225632,5.368564536,0.1199454144,0.1275210556
3.7696,0.7979131069,-3.478268518,3.565636294,1.765363918,2.93645834,5.368258519,0.1281153781,0.1244467132
3.776,0.7923269888,-3.469611264,3.566434788,1.765524871,2.936586418,5.367994167,0.124128301,0.1321234983
3.7824,0.7890432204,-3.476317151,3.56596272,1.765371198,2.936249824,5.367908391,0.1219733903,0.1237911946
3.7888,0.7980742166,-3.472605643,3.565200722,1.765183672,2.936304891,5.367745113,0.1290431637,0.1285133486
3.7952,0.792257336,-3.472581721,3.565634265,1.765268386,2.936473166,5.367592714,0.1207165156,0.1297161055
3.8016,0.7945718844,-3.477756284,3.566513436,1.765490577,2.936542747,5.367295134,0.1261083729,0.1233396382
3.808,0.7933959037,-3.468293465,3.566473836,1.76542835,2.93651098,5.367088386,0.1263230557,0.1315960504
3.8144,0.7897996766,-3.474239578,3.565626467,1.765195179,2.936243141,5.367076422,0.1206704642,0.125616788
3.8208,0.7992998733,-3.474841777,3.565591257,1.765201279,2.936449195,5.366846688,0.12880551,0.12631368
3.8272,0.7928557333,-3.47004082,3.566559342,1.765409148,2.936675429,5.366604105,0.1223667862,0.1311966939
3.8336,0.791182833,-3.47582684,3.566886407,1.76547056,2.936490715,5.366406588,0.12390033,0.1233246069
3.84,0.7958212137,-3.468863442,3.566094818,1.765237398,2.936422692,5.366263164,0.1279319289,0.1301288335
3.8464,0.7917946725,-3.47243554,3.565748462,1.765142837,2.936396364,5.366211485,0.1204427909,0.1277677005
3.8528,0.7979281773,-3.475867285,3.566461783,1.765324751,2.936619006,5.365918711,0.1275731956,0.1245878252
3.8592,0.792988365,-3.467710174,3.567197281,1.765468925,2.936720744,5.365668084,0.1244212494,0.1316530499
3.8656,0.7898481861,-3.473595311,3.566653852,1.765295153,2.936392609,5.365600443,0.1220508102,0.1243237881
3.872,0.7984832717,-3.470846557,3.565944149,1.765122245,2.936451379,5.365451058,0.1286195932,0.1281648498
3.8784,0.7932970552,-3.470432008,3.566453347,1.765224568,2.936637999,5.36529199,0.121248503,0.1296888341
3.8848,0.7946680182,-3.47511874,3.567317063,1.765438756,2.936688028,5.365013478,0.1257195741,0.1237044825
3.8912,0.7940068491,-3.466582019,3.567179618,1.765351969,2.936631438,5.36482821,0.1263522855,0.1310607571
3.8976,0.7909288734,-3.471788562,3.566344769,1.76512408,2.936394757,5.364821309,0.1209866838,0.1260246481
3.904,0.7995074299,-3.472856386,3.566401318,1.765150282,2.93660328,5.36460075,0.1282900578,0.1262161825
3.9104,0.7936540655,-3.46807892,3.567379879,1.765362071,2.936820208,5.364360102,0.1227997653,0.1309219746
3.9168,0.7916093426,-3.473152173,3.567622202,1.765397512,2.936622498,5.364184623,0.1237456723,0.1238052467
3.9232,0.7963976887,-3.467254569,3.566794952,1.765159484,2.936547288,5.364060302,0.1277117172,0.1296638163
3.9296,0.7929592748,-3.470242877,3.566528164,1.765085359,2.936555088,5.364002703,0.1208997078,0.1279606508
3.936,0.7980046054,-3.473588964,3.567294728,1.765278283,2.936767369,5.363721568,0.1270959185,0.124741838
3.9424,0.7936285897,-3.465924106,3.567957758,1.765404528,2.93684229,5.363485066,0.124657073,0.1312158907
3.9488,0.7906980517,-3.471086719,3.567345464,1.765213814,2.936524101,5.363433484,0.1221481756,0.1247942582
3.9552,0.7989206541,-3.469171323,3.566692723,1.765057941,2.936589112,5.363295362,0.1282224234,0.1278757635
3.9616,0.7942703981,-3.468434581,3.567270806,1.76517795,2.936790436,5.363129809,0.1217216281,0.1296352516
3.968,0.7948214469,-3.472631748,3.568106801,1.765382786,2.936820852,5.362869226,0.125391396,0.1240499137
3.9744,0.7946139427,-3.464963911,3.567870709,1.765273244,2.93674194,5.362704596,0.1263494781,0.1305801713
3.9808,0.7920407682,-3.469532812,3.567054459,1.765053995,2.93653638,5.362700864,0.1212908076,0.1263714492
3.9872,0.799734641,-3.470955661,3.567198699,1.765100869,2.936747855,5.362487524,0.1278242403,0.1261562123
3.9936,0.794381732,-3.466232552,3.568176858,1.765315345,2.936952658,5.362249714,0.1231713011,0.1306525312
4.0,0.7920759878,-3.470653642,3.568327719,1.765325234,2.936743068,5.362094958,0.1236330965,0.1242417021
4.0064,0.7969702872,-3.465721411,3.567471844,1.765085806,2.9366641,5.361987701,0.1274902201,0.1292598755
4.0128,0.79405089,-3.468210586,3.567284561,1.765033383,2.93670358,5.361923437,0.1213179874,0.1281082064
4.0192,0.7980968105,-3.47141274,3.568094128,1.765236595,2.936904911,5.361652861,0.1266776851,0.1249042605
4.0256,0.7942157805,-3.464229287,3.568675791,1.765343793,2.936952888,5.361431023,0.1248440801,0.13081193
4.032,0.791546005,-3.468760907,3.567998578,1.765139348,2.93664607,5.361393753,0.1222604366,0.1252086246
4.0384,0.7993440533,-3.467561502,3.567407185,1.765002429,2.936719317,5.361264708,0.1278524001,0.1276387125
4.0448,0.7951432025,-3.466560125,3.568047038,1.765139844,2.936931771,5.361093237,0.1221411607,0.1295616848
4.0512,0.7949892872,-3.470274974,3.568843786,1.765333701,2.936942497,5.36084989,0.1251167161,0.124375128
4.0576,0.7951842409,-3.463421286,3.568510534,1.765203157,2.936843885,5.360705189,0.126321411,0.1301505721
4.064,0.7930945384,-3.467442776,3.567719629,1.764995343,2.936669214,5.360703143,0.1215812337,0.1266647547
4.0704,0.7999421838,-3.469124898,3.567947573,1.765062786,2.936883663,5.360495608,0.1274051156,0.1261274152
4.0768,0.7950127989,-3.464480394,3.568915376,1.765278192,2.937073825,5.360261792,0.1234886153,0.1303914034
4.0832,0.7925449473,-3.468310818,3.568970665,1.765262881,2.936853561,5.360126775,0.1235561085,0.1246368028
4.0896,0.7975074577,-3.464250866,3.568094949,1.765024993,2.936774001,5.360034798,0.1272711988,0.128910891
4.096,0.7950405962,-3.466313602,3.567987609,1.764994738,2.936842611,5.359963539,0.1216996419,0.128217573
4.1024,0.7981731896,-3.46932659,3.568831065,1.765206839,2.937032202,5.359702927,0.1263129437,0.1250712785
4.1088,0.7947313345,-3.462612471,3.569324897,1.765293734,2.937053449,5.359496414,0.1249895973,0.1304405176
4.1152,0.792362173,-3.466597611,3.568589499,1.765078239,2.93675936,5.359472007,0.1223833001,0.1255723907
4.1216,0.7997278319,-3.466008743,3.56806445,1.764961366,2.936842358,5.359350259,0.1275096584,0.127446908
4.128,0.7958993602,-3.464790926,3.568760023,1.765115071,2.937062472,5.359173744,0.1225120011,0.1294733194
4.1344,0.795148505,-3.468038291,3.569508454,1.76529587,2.937053449,5.358947293,0.1248889808,0.1246796156
4.1408,0.795704379,-3.461946877,3.569082491,1.765145829,2.936937836,5.358821891,0.1262737604,0.1297680821
4.1472,0.7940718161,-3.465500662,3.568325159,1.764951412,2.936793654,5.358820359,0.1218567569,0.1269112024
4.1536,0.8001133755,-3.467359507,3.568633898,1.765038656,2.937010733,5.358617632,0.1270295248,0.1261240805
4.16,0.7955436534,-3.462812798,3.569583117,1.765252511,2.937184039,5.358389099,0.1237581223,0.130140708
4.1664,0.793001703,-3.466114028,3.569542053,1.765212172,2.936954383,5.358273043,0.123508859,0.1249932162
4.1728,0.7980016815,-3.462840315,3.568657046,1.764978106,2.936877136,5.358194726,0.1270574554,0.1286109704
4.1792,0.7959232747,-3.46453907,3.568630934,1.764969691,2.936972278,5.358116403,0.1220466355,0.1282948583
4.1856,0.798225955,-3.467328585,3.569500767,1.765188728,2.937149216,5.357865466,0.1259962999,0.1252395683
4.192,0.7951797071,-3.461070571,3.56990307,1.765253745,2.937144261,5.357674918,0.1250999002,0.1301004484
4.1984,0.7931411089,-3.464587314,3.569118537,1.765029529,2.936864232,5.357662067,0.1225129856,0.1258904784
4.2048,0.8000711252,-3.46451406,3.568665818,1.764933069,2.936958126,5.357546072,0.1271937191,0.1272940601
4.2112,0.7965472391,-3.463119797,3.569412354,1.765101406,2.937182605,5.357365503,0.1228385822,0.1293743155
4.2176,0.7952999433,-3.465920535,3.570105193,1.765266661,2.93715383,5.357155767,0.1247020683,0.124963059
4.224,0.7961834251,-3.460542092,3.569593445,1.765098425,2.937023971,5.357048976,0.1262111445,0.1294287126
4.2304,0.7949777337,-3.463698004,3.568878968,1.764918798,2.936909774,5.357046925,0.1221164251,0.1271165787
4.2368,0.800254448,-3.465662651,3.569266431,1.76502458,2.93712888,5.356848227,0.1266941131,0.1261410762
4.2432,0.7959914628,-3.461228156,3.570190248,1.765234175,2.937283427,5.356626221,0.1239854423,0.1299018028
4.2496,0.7934536468,-3.464060815,3.57005416,1.76516885,2.937045754,5.356528378,0.1234860366,0.1253134462
4.256,0.798465098,-3.461493776,3.569171618,1.764940582,2.936973511,5.356462101,0.1268509611,0.1283545247
4.2624,0.7967148485,-3.462880916,3.569228449,1.7649533,2.937092607,5.356376721,0.1223608465,0.1283452444
4.2688,0.7982668779,-3.46542199,3.570117945,1.765176836,2.937255908,5.356135298,0.1257225641,0.1254062851
4.2752,0.7955825858,-3.45960632,3.570426609,1.765218451,2.937225557,5.355961194,0.1251803312,0.1297901519
4.2816,0.7938956657,-3.462725431,3.569603356,1.764987722,2.936960905,5.355958578,0.1226461919,0.12616733
4.288,0.8003889261,-3.463082554,3.569228755,1.764911677,2.937066546,5.355846865,0.1269036377,0.1271744372
4.2944,0.7971094135,-3.461544156,3.570021935,1.765092765,2.9372923,5.355663187,0.1231249157,0.1292680173
4.3008,0.7954591326,-3.463923239,3.570653086,1.765240037,2.937243874,5.35546999,0.1245503427,0.1252253851
4.3072,0.796643265,-3.459211078,3.570063765,1.765055154,2.93710259,5.355380934,0.1261373271,0.1291285535
4.3136,0.7958302811,-3.462029423,3.569401152,1.764891341,2.937017823,5.355377323,0.1223595596,0.1272859981
4.32,0.8003819749,-3.464038827,3.569864915,1.765014378,2.937238152,5.355181956,0.1263954751,0.126173909
4.3264,0.7963826645,-3.45972708,3.570756807,1.765216832,2.937372331,5.354967565,0.124175548,0.1296755108
4.3328,0.7939173473,-3.462149483,3.570528418,1.765126926,2.937128128,5.354887095,0.1234829311,0.125599944
4.3392,0.7989167304,-3.460215404,3.569659567,1.764906219,2.937063393,5.354831148,0.1266530731,0.1281363838
4.3456,0.7974369388,-3.461334402,3.569800527,1.764939415,2.93720392,5.354738686,0.122644144,0.1283731986
4.352,0.7983130652,-3.463609544,3.570702738,1.765165038,2.937352568,5.354506637,0.1254868741,0.1255691246
4.3584,0.7959647744,-3.458221709,3.570916342,1.765182092,2.937297904,5.354349215,0.1252355163,0.1295079099
4.3648,0.7946414383,-3.461007045,3.570064759,1.764947156,2.937049944,5.354355416,0.1227801574,0.126407066
4.3712,0.8006983035,-3.461717218,3.569773149,1.764891601,2.937167905,5.354246534,0.1266382266,0.1270829597
4.3776,0.79760941,-3.460060476,3.570607747,1.765083655,2.937392028,5.354060594,0.1233747256,0.1291571916
4.384,0.795641814,-3.46204599,3.571171251,1.765210793,2.937324173,5.353883696,0.1244287446,0.1254668407
4.3904,0.7971028455,-3.457955689,3.57051258,1.765011059,2.937174345,5.353811278,0.1260554382,0.1288639134
4.3968,0.7966449775,-3.460487691,3.569909771,1.764864192,2.937118402,5.353805024,0.1225858188,0.1274240824
4.4032,0.8005101303,-3.462489294,3.570446528,1.765003333,2.937338976,5.353612334,0.1261303503,0.1262187748
4.4096,0.7967391427,-3.458307491,3.5712993,1.765196,2.937451484,5.353406469,0.1243329426,0.1294623442
4.416,0.7944045413,-3.460375378,3.570981557,1.765082416,2.93720236,5.353342411,0.1234954872,0.1258551953
4.4224,0.7993706059,-3.459005407,3.570136855,1.764871328,2.937147424,5.353294998,0.1264647661,0.1279519178
4.4288,0.7981052231,-3.459891619,3.570361555,1.76492441,2.937306873,5.353195408,0.1228984758,0.1283826686
4.4352,0.7983756671,-3.461889701,3.571268642,1.765149822,2.937439854,5.352972609,0.1252848167,0.1257263523
4.4416,0.79634269,-3.456915211,3.571385587,1.765141712,2.937362231,5.35283188,0.1252695442,0.1292520167
4.448,0.795386775,-3.459423138,3.570515682,1.764905168,2.937132261,5.352845402,0.1229126947,0.1266135861
4.4544,0.8010072782,-3.460416564,3.570310116,1.764870303,2.937262829,5.352737948,0.1263962144,0.1270152261
4.4608,0.7980614664,-3.458661736,3.571179852,1.765071621,2.937482591,5.352550527,0.1235915678,0.1290441904
4.4672,0.7958543375,-3.460284049,3.571669308,1.765176963,2.937395679,5.35238964,0.1243328461,0.1256880005
4.4736,0.7975712295,-3.456773158,3.570949393,1.764964618,2.937240195,5.352332599,0.1259681659,0.1286314267
4.48,0.7974275411,-3.459061567,3.570412928,1.764835957,2.937212362,5.352322634,0.122795238,0.1275350649
4.4864,0.8006426407,-3.461010547,3.571017721,1.764990102,2.937432033,5.352132065,0.1258957104,0.1262725386
4.4928,0.7970717371,-3.456963608,3.571823566,1.765170652,2.937521867,5.351935508,0.1244617743,0.1292626193
4.4992,0.7949165302,-3.458729465,3.571419624,1.765034847,2.937269548,5.35188682,0.1235203207,0.1260817357
4.5056,0.7998280072,-3.45785948,3.570608213,1.764835459,2.937226456,5.351846142,0.1262867637,0.1277970287
4.512,0.7987239995,-3.458541382,3.570914655,1.764907973,2.937402311,5.351739427,0.1231258939,0.1283771643
4.5184,0.7984545563,-3.46025707,3.571817744,1.765131107,2.937518635,5.351525826,0.1251124633,0.1258767552
4.5248,0.7967216461,-3.455681272,3.57183685,1.765097839,2.937419641,5.351401639,0.1252860922,0.1290208363
4.5312,0.7961283631,-3.457961455,3.570957877,1.76486242,2.937208885,5.351420982,0.1230421639,0.1267905841
4.5376,0.8013132708,-3.459175153,3.570839856,1.764848453,2.937352043,5.351313685,0.1261763464,0.1269674669
4.544,0.7984689006,-3.457338083,3.571737243,1.765057421,2.937564884,5.351125576,0.1237788458,0.1289310182
4.5504,0.796093332,-3.458629226,3.57214647,1.765139714,2.937459454,5.350980415,0.1242588427,0.1258897187
4.5568,0.798046203,-3.455657326,3.571373301,1.764917344,2.937301169,5.350937406,0.1258778355,0.1284280348
4.5632,0.7981737877,-3.457737537,3.570908241,1.764808039,2.937300588,5.350922759,0.1229881723,0.1276228044
4.5696,0.80077408,-3.459596208,3.57157505,1.764976161,2.937518045,5.350733928,0.1256887888,0.1263326462
4.576,0.7973818275,-3.455687591,3.572325704,1.765142539,2.937584482,5.350547407,0.1245658625,0.1290764871
4.5824,0.7954454529,-3.45720081,3.571839251,1.764986353,2.937330772,5.350513032,0.1235546355,0.126282095
4.5888,0.800281902,-3.456770937,3.571069374,1.76480074,2.937301281,5.350477371,0.1261195807,0.1276680941
4.5952,0.7992895959,-3.45727118,3.571454364,1.76489215,2.937491011,5.350363652,0.123328509,0.1283597817
4.6016,0.7985428047,-3.458704284,3.572344091,1.765110924,2.937589742,5.350159319,0.1249663278,0.1260195271
4.608,0.7970980766,-3.454513197,3.572264819,1.76505287,2.937471172,5.350051435,0.1252884366,0.1288127764
4.6144,0.79685664,-3.456608751,3.571385897,1.764821379,2.937280743,5.350075164,0.123167376,0.1269415033
4.6208,0.8016065802,-3.45798624,3.571355583,1.764828348,2.937436162,5.34996696,0.1259773678,0.1269364286
4.6272,0.7988287883,-3.45607967,3.57227256,1.765043241,2.937639677,5.349779023,0.1239397794,0.1288193319
4.6336,0.7963497636,-3.45707295,3.572595933,1.765101541,2.937516431,5.349649348,0.1242034395,0.1260730055
4.64,0.7985198445,-3.454601528,3.571778097,1.764871898,2.937358123,5.349619009,0.1257864186,0.1282509207
4.6464,0.798874739,-3.456502467,3.571388431,1.764782822,2.937383778,5.349598868,0.1231651986,0.1276907571
4.6528,0.8008951885,-3.458239794,3.572110617,1.764963934,2.937597577,5.349411597,0.1255070268,0.1263969994
4.6592,0.7976663983,-3.454472224,3.572798123,1.765114084,2.937640172,5.349235823,0.1246486758,0.1289039076
4.6656,0.7959806239,-3.45577857,3.572234026,1.764939623,2.937386931,5.349214728,0.1235961146,0.1264587036
4.672,0.8007222789,-3.45573337,3.571513265,1.764769575,2.937372481,5.349182508,0.1259635167,0.1275618604
4.6784,0.7997965366,-3.456069979,3.571972963,1.764879246,2.937573524,5.349062067,0.1235084045,0.1283331852
4.6848,0.7986319367,-3.45722505,3.572840018,1.765091435,2.937653799,5.348867207,0.1248432857,0.1261541514
4.6912,0.7974672369,-3.453405281,3.572663148,1.76500932,2.937517634,5.34877532,0.1252794406,0.1286262507
4.6976,0.797561331,-3.455353248,3.571793438,1.764784348,2.93734851,5.3488021,0.12328747,0.1270694788
4.704,0.8018785039,-3.456844174,3.571850361,1.764812053,2.937515575,5.348692151,0.1257980023,0.1269192739
4.7104,0.7991389635,-3.454878544,3.572778641,1.765031036,2.937707525,5.348505322,0.1240773406,0.1287104398
4.7168,0.7966158303,-3.455608003,3.573011819,1.76506465,2.937567332,5.348390936,0.1241637575,0.126238946
4.7232,0.7989853455,-3.453600564,3.572158519,1.764830403,2.937411661,5.348371923,0.1256955219,0.1280974546
4.7296,0.7995239928,-3.455345658,3.57184772,1.764762134,2.937462365,5.348345647,0.1233270155,0.1277419678
4.736,0.8009988383,-3.456936666,3.572618334,1.76495483,2.937670965,5.348159957,0.125348021,0.1264638343
4.7424,0.797924781,-3.453312541,3.573235644,1.765086885,2.937689551,5.347995616,0.1247132985,0.1287446433
4.7488,0.7965145154,-3.454454329,3.572600002,1.764896329,2.937438674,5.347986789,0.123642802,0.126613834
4.7552,0.8011423994,-3.45474234,3.571935574,1.764743247,2.937440402,5.347956578,0.1258186458,0.127475373
4.7616,0.8002424966,-3.454929571,3.572465849,1.764870302,2.93765019,5.347829838,0.123667563,0.1282996096
4.768,0.7987174963,-3.455815137,3.573301344,1.765073594,2.937711248,5.347644766,0.1247404923,0.1262803019
4.7744,0.7978274837,-3.452353967,3.573029026,1.764968358,2.937559602,5.347568507,0.1252615388,0.1284596516
4.7808,0.7982366736,-3.454185986,3.57217799,1.764752165,2.937412608,5.347597095,0.1234018063,0.1271773121
4.7872,0.8021242571,-3.455745727,3.572321089,1.76480024,2.937590456,5.347484762,0.1256369167,0.1269134952
4.7936,0.7994010685,-3.453729665,3.57325268,1.765021173,2.937768794,5.347300023,0.1241942195,0.1286053061
4.8,0.7968881122,-3.45422972,3.573392672,1.765029564,2.937612694,5.34720074,0.1241372423,0.1263886125
4.8064,0.7994398382,-3.452651582,3.572513685,1.764793269,2.937462183,5.347191714,0.1256063857,0.1279651432
4.8128,0.8001198365,-3.454259167,3.572284846,1.764746132,2.937536606,5.3471588,0.1234743617,0.1277790636
4.8192,0.8010833182,-3.4556844,3.573096928,1.764948778,2.937738406,5.346974871,0.1252094871,0.1265316628
4.8256,0.7981603585,-3.452206097,3.573637933,1.765060861,2.937733068,5.346822599,0.124762429,0.1285982689
4.832,0.7970441309,-3.453221981,3.572938055,1.764856543,2.937486462,5.346825019,0.1236930173,0.1267495663
4.8384,0.8015403576,-3.453795566,3.572336924,1.764721539,2.93750522,5.346795504,0.1256848282,0.1274059479
4.8448,0.8006305406,-3.453844513,3.572933218,1.764864885,2.937721215,5.346662984,0.1238078206,0.1282608949
4.8512,0.7988002086,-3.454472478,3.573728897,1.765056947,2.937762425,5.346488075,0.1246553393,0.1263977989
4.8576,0.7981814427,-3.451357846,3.573364775,1.764929687,2.937597535,5.346426981,0.1252367776,0.1283113729
4.864,0.7988819981,-3.453100326,3.57254181,1.764724371,2.937473348,5.346456193,0.1235099131,0.1272674976
4.8704,0.8023442656,-3.454689296,3.572769624,1.764792165,2.937660901,5.346340997,0.1254927432,0.1269168784
4.8768,0.799621257,-3.452630304,3.573696536,1.765012701,2.93782376,5.346159341,0.1242928217,0.1285046071
4.8832,0.7971679847,-3.452935118,3.573741774,1.764995622,2.937652952,5.34607494,0.1241216251,0.1265230681
4.8896,0.7998848377,-3.451753163,3.572847437,1.764759816,2.937509989,5.34607454,0.1255199493,0.1278516639
4.896,0.8006651888,-3.453237356,3.572702869,1.764733774,2.937606684,5.346034587,0.1236079965,0.1278043111
4.9024,0.8011514942,-3.454481955,3.57354946,1.764944609,2.93780006,5.345852703,0.1250892666,0.1265992429
4.9088,0.7983803653,-3.451151962,3.574008794,1.765035089,2.937771141,5.345713046,0.1247984084,0.1284642346
4.9152,0.7975707366,-3.452076943,3.573252946,1.764819247,2.937530714,5.345725655,0.1237453359,0.1268678172
4.9216,0.801918078,-3.452891889,3.572721354,1.764703326,2.93756708,5.345695617,0.1255617471,0.1273511561
4.928,0.8009669406,-3.452810885,3.573378971,1.76486169,2.93778677,5.345557899,0.1239308888,0.1282185584
4.9344,0.7988841501,-3.453195873,3.574126865,1.765040137,2.937807647,5.345393539,0.1245854581,0.126506594
4.9408,0.7985344559,-3.450416294,3.573675651,1.764892269,2.937631859,5.345347025,0.1252068545,0.1281798406
4.9472,0.799499431,-3.452090818,3.572889807,1.764699641,2.937531018,5.345375714,0.1236114705,0.1273422544
4.9536,0.8025416399,-3.453674076,3.573200302,1.764786421,2.937727018,5.3452573,0.1253641138,0.1269274951
4.96,0.7998082086,-3.451578616,3.574114576,1.765004146,2.937872731,5.34507969,0.1243753093,0.1284087997
4.9664,0.79745895,-3.451721634,3.574064514,1.764961633,2.937688575,5.34500988,0.124114909,0.1266433619
4.9728,0.8003235549,-3.450904213,3.573165165,1.764728672,2.937555388,5.345016719,0.1254368918,0.1277548593
4.9792,0.8011646722,-3.452275251,3.57310644,1.764723651,2.937672787,5.344969409,0.1237286947,0.1278196761
4.9856,0.8012075598,-3.453328521,3.573980217,1.764940846,2.937856119,5.344789927,0.1249853402,0.1266655652
4.992,0.7985925091,-3.450149497,3.574353374,1.765008328,2.937804219,5.344663312,0.1248232848,0.1283419119
